Company,TypeName,Ram,Gpu,OpSys,Weight,Price,TouchScreen,IPS,PPI,Cpu_Brand,HDD,SSD
Apple,Ultrabook,8,0,1,1.37,11.175768558816314,0,1,226.98,5,0,128
Apple,Ultrabook,8,0,1,1.34,10.776798196213473,0,0,127.68,5,0,0
HP,Notebook,8,0,2,1.86,10.329963707833757,0,0,141.21,5,0,256
Apple,Ultrabook,16,1,1,1.83,11.814483341632057,0,1,220.53,7,0,512
Apple,Ultrabook,8,0,1,1.37,11.473111379006117,0,1,226.98,5,0,256
Acer,Notebook,4,1,0,2.1,9.967072494161238,0,0,100.45,2,500,0
Apple,Ultrabook,16,0,1,2.04,11.644116885995366,0,1,220.53,7,0,0
Apple,Ultrabook,8,0,1,1.34,11.03063119023011,0,0,127.68,5,0,0
Asus,Ultrabook,16,2,0,1.3,11.285455066338496,0,0,157.35,7,0,512
Acer,Ultrabook,8,0,0,1.6,10.621975915807171,0,1,157.35,5,0,256
HP,Notebook,4,0,2,1.86,9.951705743636337,0,0,100.45,5,500,0
HP,Notebook,4,0,2,1.86,9.819130859661563,0,0,141.21,3,500,0
Apple,Ultrabook,16,1,1,1.83,11.775309741545168,0,1,220.53,7,0,256
Dell,Notebook,4,1,0,2.2,10.188004320693702,0,0,141.21,3,0,256
Apple,Ultrabook,8,0,1,0.92,11.11634584374235,0,1,226.42,1,0,256
Apple,Ultrabook,8,0,1,1.37,11.301084596994947,0,1,226.98,5,0,256
Dell,Notebook,8,1,0,2.2,10.588970437272568,0,0,141.21,7,0,256
Apple,Ultrabook,16,1,1,1.83,11.933444951799322,0,1,220.53,7,0,512
Lenovo,Notebook,8,2,2,2.2,10.188204734039374,0,0,141.21,3,1000,0
Dell,Ultrabook,8,0,0,1.22,10.862111839946362,1,1,165.63,5,0,128
Asus,Netbook,2,0,0,0.98,9.232633229407275,0,0,135.09,1,0,0
Lenovo,Gaming,8,2,0,2.5,10.882334592260529,0,1,141.21,5,1000,128
HP,Notebook,4,1,2,1.86,9.528593355673575,0,0,100.45,2,500,0
Dell,2 in 1 Convertible,8,0,0,1.62,10.683668026512203,1,0,165.63,5,0,256
HP,Ultrabook,8,0,0,1.91,10.466313041010059,0,0,141.21,7,0,256
Dell,Notebook,4,0,0,2.3,10.012617220008426,0,0,100.45,3,1000,0
Apple,Ultrabook,8,0,1,1.35,10.977734058532482,0,0,127.68,5,0,0
Dell,Notebook,8,1,0,2.2,10.660196214585818,0,0,141.21,5,0,256
Dell,Ultrabook,8,0,0,1.88,11.14415538315185,0,0,141.21,7,0,512
HP,Notebook,8,2,0,2.5,10.773522386274244,0,0,127.34,5,1000,0
Chuwi,Notebook,4,0,0,1.89,9.476855027029316,0,0,141.21,1,0,0
Asus,Notebook,2,1,0,1.65,9.268960161930154,0,0,111.94,2,0,0
HP,Notebook,4,1,0,2.71,10.060103191853011,0,0,127.34,2,500,0
Dell,Ultrabook,16,0,0,1.2,11.508729875782148,1,0,276.05,7,0,512
Apple,Ultrabook,8,0,1,1.35,10.881333108748292,0,0,127.68,5,0,0
Lenovo,Notebook,4,0,0,1.44,9.49308929643757,0,0,111.94,1,0,0
Acer,Notebook,4,0,2,2.1,9.88097401403836,0,0,100.45,3,1000,0
Dell,Notebook,8,1,0,2.8,10.862111839946362,0,1,127.34,5,1000,128
HP,Notebook,4,0,0,1.86,10.167327773397746,0,0,100.45,5,1000,0
HP,Notebook,8,2,0,2.1,10.754367276099781,0,0,141.21,5,0,256
Asus,Notebook,4,0,2,2.0,9.939188617449547,0,0,141.21,3,1000,0
Dell,Gaming,16,2,0,2.65,11.288127045116099,0,1,141.21,7,1000,256
Asus,Notebook,8,2,2,2.3,10.235159256444781,0,0,100.45,5,1000,0
Acer,Notebook,4,0,0,2.2,10.500618203885733,0,1,141.21,5,0,256
Dell,2 in 1 Convertible,12,2,0,2.77,10.882334592260529,1,0,127.34,5,1000,0
Apple,Ultrabook,8,0,1,1.37,11.233281930062116,0,1,226.98,5,0,256
Lenovo,Notebook,4,0,2,2.2,9.88640853285114,0,0,100.45,3,0,128
Asus,Gaming,8,1,0,3.2,11.14492549142712,0,0,127.34,2,1000,256
Dell,Notebook,4,1,0,2.3,10.435494852273417,0,0,141.21,5,0,256
Asus,Notebook,4,2,0,2.8,10.11978693587454,0,0,90.58,1,1000,0
Lenovo,2 in 1 Convertible,4,0,2,0.69,9.740810963551926,1,1,224.17,1,0,0
Acer,Notebook,8,2,0,2.2,10.7101750031603,0,1,141.21,7,0,256
HP,Notebook,4,1,0,1.86,9.963290528658876,0,0,141.21,2,0,256
HP,Notebook,8,0,0,1.49,10.981367061450355,0,0,165.63,7,0,512
Acer,Notebook,4,0,0,2.4,9.92625245462742,0,0,100.45,3,1000,0
Dell,Notebook,8,1,0,2.13,10.619114753366912,0,0,141.21,7,0,256
HP,Notebook,4,0,0,1.91,10.060103191853011,0,0,141.21,3,0,128
Asus,Notebook,4,0,0,2.0,10.34923701306093,0,0,100.45,5,0,256
MSI,Gaming,16,2,0,2.43,11.779003747004984,0,0,127.34,7,2000,256
Asus,Notebook,4,0,2,2.0,10.00388477138901,0,0,141.21,3,0,256
Dell,Notebook,16,1,0,2.8,11.14492549142712,0,0,127.34,7,2000,256
Dell,Ultrabook,8,0,0,1.7,10.754367276099781,0,0,157.35,5,0,256
Lenovo,Notebook,8,0,2,1.7,10.370853957360486,0,1,157.35,3,0,256
Asus,Notebook,8,0,0,1.4,10.822524111175213,0,0,157.35,5,0,256
HP,Notebook,8,0,0,1.86,10.512279824567653,0,0,141.21,5,0,256
Asus,Ultrabook,16,2,0,1.8,11.567936619542625,0,0,141.21,7,0,512
HP,Notebook,4,1,0,1.86,10.05939682228015,0,0,100.45,3,500,0
HP,Notebook,4,0,0,1.44,9.409364986116808,0,0,111.94,1,0,32
Lenovo,Notebook,4,0,0,1.9,10.283693654349953,0,0,141.21,5,1000,0
Asus,Gaming,12,2,2,3.0,10.830989602063529,0,0,127.34,7,1000,0
Microsoft,Ultrabook,4,0,0,1.252,10.968593383882295,1,0,200.84,5,0,128
Dell,Ultrabook,8,1,0,1.4,10.837292019680758,0,1,165.63,7,0,256
Dell,Notebook,8,1,0,2.2,10.744075810945498,0,0,141.21,7,0,256
MSI,Gaming,8,2,0,2.7,10.974087808763938,0,0,127.34,5,1000,128
Acer,Notebook,8,0,0,2.1,9.939188617449547,0,0,111.94,3,1000,0
Asus,Gaming,8,2,0,2.2,10.830989602063529,0,0,141.21,7,1000,0
Lenovo,Notebook,8,0,2,2.2,10.227501072075105,0,0,141.21,5,2000,0
Dell,Notebook,8,0,0,2.02,10.726684446704295,0,0,141.21,7,1000,128
Acer,Notebook,4,2,0,2.2,10.248473444922546,0,0,141.21,3,1000,0
HP,Notebook,8,2,0,2.5,10.86006688870326,0,0,127.34,5,1000,128
Dell,Ultrabook,8,0,0,1.88,10.975146590629556,0,1,141.21,5,0,256
Apple,Ultrabook,8,0,1,0.92,11.295438385612048,0,1,226.42,5,0,512
HP,Notebook,8,0,0,1.63,10.732515239391274,0,0,157.35,5,0,256
Lenovo,Notebook,4,1,0,2.2,9.964569481536397,0,0,141.21,2,0,128
Acer,Notebook,4,1,0,2.1,9.954494305874713,0,0,100.45,2,1000,0
Dell,Gaming,16,2,0,2.65,11.182693795440782,0,1,141.21,7,1000,128
HP,Ultrabook,8,2,0,1.83,10.525238618990686,0,1,141.21,7,0,256
HP,Notebook,8,0,0,1.96,10.370837263253403,0,0,141.21,5,0,256
Asus,Gaming,16,2,0,2.2,11.25420292138043,0,1,141.21,7,1000,128
Dell,Ultrabook,8,0,0,1.21,11.38349673063646,0,1,165.63,7,0,256
Asus,Gaming,8,1,0,2.45,10.525238618990686,0,0,141.21,2,1000,0
Acer,Notebook,8,2,0,2.2,10.510829537468052,0,0,141.21,7,1000,0
HP,Notebook,16,0,0,1.49,11.06315041150742,0,0,165.63,7,0,512
Dell,Gaming,8,2,0,2.65,11.061478196557058,0,0,141.21,5,0,256
Asus,Ultrabook,8,0,0,1.25,10.9311715265263,0,0,157.35,7,0,256
Acer,2 in 1 Convertible,8,0,0,1.5,10.717283879751747,1,1,165.63,5,0,256
Dell,Notebook,8,1,2,2.2,10.372355286897466,0,0,141.21,7,1000,0
Dell,Notebook,4,1,2,2.2,10.159748614913156,0,0,141.21,3,0,256
Asus,Notebook,6,2,0,2.0,10.333435820406644,0,0,141.21,3,0,256
HP,Gaming,12,2,0,2.62,11.10567456328145,0,1,141.21,7,1000,128
HP,Notebook,8,1,0,1.91,10.55344848760242,0,0,141.21,7,0,256
HP,Notebook,4,1,0,2.1,9.830686725695612,0,0,141.21,2,500,0
Dell,Notebook,8,1,2,2.2,10.447936329228463,0,0,141.21,5,1000,0
HP,Ultrabook,8,2,0,1.38,10.995768507208373,0,1,165.63,7,0,256
Microsoft,Ultrabook,8,0,0,1.252,11.175999925622857,1,0,200.84,5,0,256
HP,Notebook,6,2,0,1.58,10.466313041010059,0,1,157.35,5,0,256
Lenovo,Notebook,4,0,0,1.85,10.003643789397087,0,0,141.21,3,1000,0
Asus,Ultrabook,8,2,0,1.3,11.059803180619348,0,1,157.35,7,0,256
MSI,Gaming,16,2,0,2.2,11.14492549142712,0,0,141.21,7,1000,256
Lenovo,Notebook,8,0,0,1.58,11.275371074510403,0,1,157.35,7,0,256
Asus,Ultrabook,16,2,0,1.5,11.116028941464197,0,0,141.21,7,1000,256
Dell,Ultrabook,8,0,0,1.23,11.204688514352517,1,0,276.05,7,0,256
Lenovo,2 in 1 Convertible,8,0,0,1.37,11.219087416653776,1,1,165.63,5,0,256
HP,Notebook,4,0,0,1.63,10.557612160311693,0,1,111.94,5,500,0
Dell,Ultrabook,8,0,0,1.21,11.371294156418369,0,1,165.63,5,0,256
HP,2 in 1 Convertible,8,0,0,1.26,11.219080268761294,1,1,165.63,5,0,256
HP,Notebook,8,0,0,1.63,10.963991522444166,0,0,157.35,7,0,512
Dell,Notebook,8,2,0,2.16,11.005842535245586,0,1,141.21,7,1000,256
Asus,Notebook,4,2,0,2.0,10.310648555135304,0,0,127.34,3,1000,0
Asus,Notebook,8,2,0,1.7,10.99487446761375,0,0,141.21,7,0,256
Acer,Notebook,6,0,0,2.1,10.147300806108744,1,1,141.21,3,1000,0
MSI,Gaming,16,2,0,1.8,11.690469963100075,0,0,141.21,7,2000,256
Lenovo,Notebook,8,2,2,2.2,10.419722121547444,0,0,141.21,5,0,256
HP,Notebook,16,2,0,2.5,11.123135064243138,0,0,127.34,7,0,512
Acer,Notebook,4,1,0,2.1,10.08706998076417,0,0,100.45,2,0,256
HP,Notebook,4,0,2,1.86,9.5324615515948,0,0,100.45,1,500,0
HP,Notebook,8,0,0,1.63,10.675084480373934,0,0,157.35,5,1000,0
Asus,Notebook,4,1,0,1.65,9.603213681759023,0,0,111.94,2,0,64
Dell,Notebook,16,1,0,2.8,11.216940754140841,0,0,127.34,7,2000,256
HP,Notebook,8,0,0,2.5,10.808612983780158,0,0,127.34,5,0,256
Dell,Notebook,8,1,0,2.36,10.435479203158344,0,0,100.45,5,1000,0
Dell,Notebook,4,1,0,2.2,10.082625714367484,0,0,141.21,3,1000,0
Acer,Ultrabook,8,0,0,1.6,10.760039320283267,0,1,157.35,7,0,256
Acer,Notebook,4,2,0,2.2,10.324732829606425,0,0,141.21,3,0,256
HP,Notebook,8,0,0,2.05,10.36918316559119,0,0,100.45,7,1000,0
HP,Notebook,8,0,0,1.63,10.871262720529089,0,0,157.35,7,0,256
Lenovo,Notebook,4,0,2,1.9,9.50649203596322,0,0,100.45,1,1000,0
Asus,Gaming,8,2,0,3.0,10.819330984386541,0,0,127.34,5,1000,128
Lenovo,Notebook,4,2,2,2.2,10.188204734039374,0,0,141.21,5,1000,0
HP,Notebook,4,0,0,1.32,10.525238618990686,0,1,165.63,5,0,256
Acer,Notebook,4,2,0,3.0,10.460224916065657,0,1,127.34,3,1000,0
Lenovo,Notebook,8,1,0,1.75,10.993101907610118,0,1,157.35,5,0,256
Lenovo,Gaming,8,2,2,2.4,10.742925749387153,0,1,141.21,7,0,256
Toshiba,Notebook,4,0,0,2.1,10.37584964841171,0,0,100.45,5,500,0
HP,Notebook,4,1,0,1.86,9.88640853285114,0,0,100.45,2,0,256
Asus,Ultrabook,8,0,0,1.25,10.977734058532482,0,0,157.35,7,0,256
HP,Ultrabook,8,0,0,0.97,11.58344841861755,1,1,352.47,1,0,512
Asus,Notebook,4,0,0,2.0,9.816257242491497,0,0,141.21,1,1000,0
MSI,Gaming,16,2,0,2.9,11.590868616270843,0,0,127.34,7,1000,256
Acer,Notebook,4,0,0,2.1,10.07816160826124,0,0,100.45,3,1000,0
Dell,Gaming,16,2,0,2.56,11.105882705023603,0,0,141.21,7,0,512
Dell,Gaming,8,2,0,2.62,10.776864937870439,0,0,141.21,7,0,0
Lenovo,Notebook,4,0,0,1.9,10.1861987908373,0,0,100.45,5,0,128
MSI,Gaming,16,2,0,2.8,11.519903064802,0,0,127.34,7,1000,256
HP,Ultrabook,4,0,0,1.48,10.962144831854813,0,0,157.35,5,0,256
HP,Notebook,6,1,0,1.91,10.403696619569766,0,0,141.21,5,0,256
Lenovo,2 in 1 Convertible,4,0,0,1.74,10.419722121547444,1,1,157.35,3,0,256
Asus,2 in 1 Convertible,8,0,0,1.1,11.157167243570104,1,0,165.63,5,0,256
Dell,2 in 1 Convertible,8,0,0,1.56,10.9311715265263,1,0,141.21,7,0,256
Toshiba,Notebook,4,0,0,2.1,10.07816160826124,0,0,100.45,3,500,0
Asus,Notebook,4,1,0,2.03,9.974544159721564,0,0,100.45,2,1000,0
Acer,Notebook,4,2,0,3.0,10.666426618619608,0,1,127.34,5,0,256
Dell,Notebook,8,1,0,2.13,10.565887855372269,0,0,141.21,5,0,256
Lenovo,Gaming,16,2,0,2.5,10.959368385934692,0,1,141.21,7,0,256
Acer,Notebook,4,0,0,2.1,9.82781743779585,0,0,100.45,1,1000,0
MSI,Gaming,16,2,0,2.4,11.470557693018055,0,1,141.21,7,1000,256
Acer,Notebook,4,0,0,2.1,9.87141946386704,0,0,100.45,1,1000,0
Dell,Gaming,8,2,0,2.56,10.942065068725807,0,0,141.21,7,1000,128
Acer,Notebook,8,2,0,3.0,10.725514197260196,0,1,127.34,5,0,256
HP,Notebook,4,0,0,1.49,10.600978286196554,0,1,165.63,5,500,0
Huawei,Ultrabook,8,0,0,1.05,11.182693795440782,0,1,199.69,5,0,256
HP,Notebook,6,1,0,2.71,10.525238618990686,0,1,127.34,5,2000,0
Lenovo,Notebook,4,1,2,2.2,9.708963041637261,0,0,100.45,2,500,0
Toshiba,Notebook,4,0,0,2.0,10.16796189691066,0,0,100.45,3,500,0
HP,Notebook,8,2,0,2.5,10.803210595055619,0,0,127.34,5,0,256
Dell,Notebook,8,0,0,2.3,10.104652126020449,0,0,100.45,3,1000,0
Acer,Notebook,4,0,0,2.1,10.082625714367484,0,0,100.45,3,0,128
MSI,Gaming,32,2,0,4.4,11.91258522125164,0,0,119.72,7,1000,512
Lenovo,Notebook,8,1,0,1.9,10.676315221329915,0,0,141.21,5,1000,128
HP,2 in 1 Convertible,8,0,0,1.29,11.288127045116099,1,1,331.26,5,0,256
Dell,Notebook,16,1,2,2.02,10.9311715265263,0,0,141.21,7,2000,256
Dell,Ultrabook,8,0,0,1.23,11.219087416653776,0,0,165.63,5,0,256
Lenovo,2 in 1 Convertible,16,0,0,1.4,11.497971408335056,1,1,316.97,7,0,512
Toshiba,Notebook,8,0,0,2.0,10.651407915643352,0,0,100.45,5,0,128
Xiaomi,Notebook,8,2,2,1.95,11.064819834822508,0,1,141.21,5,0,256
Dell,Notebook,16,2,0,2.77,11.320937983275899,1,0,127.34,7,0,512
Dell,Notebook,16,2,0,2.06,11.757542090743819,1,0,282.42,7,0,512
Lenovo,Gaming,8,2,2,2.4,10.633596165225693,0,1,141.21,5,0,256
Acer,Ultrabook,8,0,0,1.12,10.87227433519628,0,1,165.63,5,0,256
Dell,Notebook,8,1,0,2.8,10.964913590461473,0,0,127.34,7,1000,128
Lenovo,2 in 1 Convertible,16,0,0,1.42,11.92147727098776,1,0,209.8,7,0,1000
Vero,Notebook,4,0,0,1.3,9.536314842214452,0,1,157.35,1,0,0
Xiaomi,Ultrabook,8,2,2,1.3,10.883235070683604,0,1,165.63,5,0,256
Lenovo,Notebook,8,2,2,2.8,10.523807017986531,0,0,106.11,5,0,256
Dell,2 in 1 Convertible,8,0,0,1.62,10.707794102852903,1,1,165.63,7,1000,0
HP,Notebook,8,2,0,2.5,10.793412132233401,0,1,127.34,5,1000,0
Razer,Gaming,32,2,0,3.49,12.691444205875678,1,0,254.67,7,0,1000
HP,Notebook,8,0,0,1.49,10.841471672111513,0,0,165.63,5,0,512
HP,Gaming,16,2,0,3.35,11.204688514352517,0,1,127.34,7,1000,256
HP,Notebook,8,2,0,2.5,10.927351151014033,0,0,127.34,7,0,256
Dell,Gaming,16,2,0,2.65,11.49580575542942,0,1,282.42,7,1000,512
Lenovo,Notebook,4,0,0,2.1,10.176108270075046,0,0,100.45,5,0,128
Acer,Notebook,8,2,0,2.23,10.58493556391622,0,0,141.21,7,1000,0
Lenovo,Gaming,16,2,0,3.2,11.442371232335963,0,1,141.21,7,1000,512
Dell,Workstation,16,2,0,2.8,12.000102041442123,0,0,282.42,1,1000,256
Lenovo,Gaming,16,2,2,2.4,11.21837237437838,0,0,141.21,7,0,512
Dell,Notebook,6,0,0,2.3,10.060103191853011,1,0,100.45,3,1000,0
Dell,Ultrabook,8,0,0,1.21,11.550642355641386,1,1,331.26,7,0,256
Dell,Ultrabook,8,0,0,1.2,11.25420292138043,0,0,165.63,7,0,256
Lenovo,Notebook,8,0,0,2.2,10.367509577604206,0,0,100.45,5,0,256
Acer,Notebook,8,2,2,2.4,10.633596165225693,0,0,141.21,7,1000,0
Asus,Gaming,16,2,0,2.9,11.22478942282313,0,0,127.34,7,1000,256
HP,Notebook,4,0,2,2.1,9.830686725695612,0,0,141.21,3,500,0
Lenovo,Notebook,8,0,2,2.2,10.283693654349953,0,0,141.21,5,0,256
Huawei,Ultrabook,8,0,0,1.05,11.288127045116099,0,1,199.69,7,0,512
Dell,Ultrabook,8,1,0,1.4,10.812785217817558,0,1,165.63,7,0,256
Lenovo,Notebook,8,2,2,2.8,10.354019074857808,0,0,106.11,5,1000,0
HP,Notebook,8,2,0,1.63,10.91386371451479,0,0,157.35,7,0,256
Dell,Ultrabook,8,0,0,1.6,11.022224638820209,0,0,157.35,5,0,256
Dell,2 in 1 Convertible,16,0,0,1.62,11.12940950226841,1,0,165.63,7,0,512
Dell,Notebook,8,1,2,2.2,10.49377686098958,0,0,141.21,5,0,256
Lenovo,2 in 1 Convertible,8,0,0,1.74,10.776864937870439,0,1,157.35,5,0,256
Toshiba,Ultrabook,8,0,0,1.2,11.19301822802371,0,0,165.63,7,0,256
HP,Notebook,8,0,0,2.1,10.65266812544771,0,0,141.21,5,1000,0
Dell,Gaming,16,2,0,4.42,11.781996383319656,0,1,127.34,7,1000,256
Acer,Notebook,8,2,0,2.2,10.699416025415209,0,0,141.21,7,0,256
Dell,Notebook,16,1,0,2.3,10.73136343865531,1,0,141.21,7,1000,0
Asus,Notebook,8,2,0,2.0,10.620676402161354,0,0,141.21,5,0,256
Asus,Notebook,8,2,0,2.69,10.767926518316962,0,0,127.34,5,500,256
HP,Notebook,8,1,0,1.9,11.121560284041063,0,0,141.21,7,1000,0
Asus,Notebook,4,0,0,2.37,9.964544419744591,0,0,100.45,3,1000,0
HP,Notebook,4,1,0,2.1,9.77471055413221,0,0,100.45,2,500,0
Lenovo,Gaming,16,2,0,3.2,11.288127045116099,0,1,141.21,7,1000,256
Dell,Notebook,8,0,0,1.6,10.731351797533883,0,0,157.35,5,0,256
Acer,2 in 1 Convertible,8,0,0,1.6,10.510829537468052,1,1,165.63,5,0,256
Dell,Notebook,16,1,2,2.36,10.776864937870439,0,0,141.21,7,0,256
Acer,Notebook,4,0,2,2.1,9.941755889245979,0,0,100.45,3,1000,0
Asus,Notebook,4,1,0,2.2,10.329963707833757,0,0,141.21,2,1000,128
Asus,Gaming,32,2,0,4.7,12.241730287709276,0,0,127.34,7,1000,512
Acer,Gaming,8,2,0,2.5,10.71610257089814,0,1,141.21,5,0,256
Lenovo,Notebook,8,0,0,2.2,10.354019074857808,0,0,100.45,3,0,128
Asus,Notebook,8,2,0,2.1,11.018737334023916,0,0,127.34,7,1000,128
Asus,Notebook,8,2,2,2.69,10.765679373749014,0,0,127.34,7,1000,128
Dell,Gaming,8,2,0,2.56,10.754367276099781,0,0,141.21,5,0,256
Lenovo,2 in 1 Convertible,8,0,0,1.38,10.959368385934692,1,1,158.48,7,0,256
Dell,Notebook,8,1,0,2.2,10.868221721810269,0,0,141.21,7,2000,128
HP,Notebook,8,0,0,2.04,10.301744074438556,1,0,100.45,5,1000,0
Asus,Gaming,16,2,0,3.6,11.98160146330393,0,0,127.34,7,0,256
HP,Notebook,4,0,0,1.49,10.490301522301456,0,1,165.63,5,500,0
Apple,Ultrabook,8,0,1,1.37,11.59627531340492,0,1,226.98,5,0,512
Dell,2 in 1 Convertible,8,0,0,2.08,10.683668026512203,1,1,141.21,7,1000,0
Asus,Gaming,16,2,0,4.3,11.470557693018055,0,0,127.34,7,1000,256
Asus,Notebook,4,1,0,1.68,10.126203812574422,0,0,100.45,2,1000,0
Lenovo,2 in 1 Convertible,8,0,0,1.37,11.497971408335056,1,1,158.48,7,0,512
Acer,Notebook,4,2,0,3.0,10.529521166038387,0,1,127.34,3,0,256
Dell,Ultrabook,8,0,0,1.41,10.830989602063529,0,0,165.63,5,0,256
HP,Notebook,8,1,0,1.91,10.075697828858553,0,0,100.45,2,0,128
HP,Notebook,16,2,0,2.9,10.94065909478203,0,1,127.34,7,1000,0
MSI,Gaming,16,2,0,4.14,11.799214467550595,0,0,127.34,7,1000,512
Lenovo,2 in 1 Convertible,8,2,0,2.0,11.413367194793471,1,1,141.21,7,0,512
Dell,Notebook,8,1,0,2.8,11.016113851311959,0,0,127.34,7,1000,128
Lenovo,Notebook,4,0,2,2.2,10.071427859772655,0,0,141.21,3,0,256
HP,Notebook,4,0,0,2.1,10.557612160311693,0,1,141.21,5,500,0
Dell,Notebook,4,0,0,2.18,10.46327361168887,0,0,141.21,5,1000,0
Dell,Notebook,8,1,0,2.24,10.312419975886602,0,0,141.21,5,1000,0
Dell,2 in 1 Convertible,8,0,0,2.67,10.65894546204638,1,0,141.21,5,0,256
Asus,2 in 1 Convertible,8,0,0,1.1,11.288127045116099,1,0,165.63,7,0,1024
Lenovo,Notebook,4,0,2,2.2,10.121930473176448,0,0,141.21,5,1000,0
HP,Notebook,8,2,0,2.5,10.901174660077132,0,0,127.34,7,1000,0
Lenovo,Notebook,8,0,0,2.05,10.755504261623273,0,0,141.21,7,0,256
Apple,Ultrabook,8,0,1,1.37,11.55570897765527,0,1,226.98,5,0,512
Asus,Gaming,16,1,0,3.2,11.320937983275899,0,0,127.34,2,1000,256
Dell,Notebook,8,1,2,2.14,10.575552291987458,0,0,141.21,7,0,256
Lenovo,2 in 1 Convertible,16,0,0,1.36,11.799214467550595,1,0,209.8,7,0,512
Toshiba,Notebook,8,2,0,2.2,10.675084480373934,0,0,100.45,7,500,0
Dell,Notebook,12,0,0,2.3,10.545166939273855,0,0,100.45,7,1000,0
Dell,Notebook,8,1,2,2.8,10.977734058532482,0,0,127.34,7,1000,128
Acer,Notebook,8,2,0,2.2,10.588970437272568,0,1,141.21,7,1000,0
Lenovo,Notebook,4,0,0,2.8,10.16796189691066,0,0,106.11,3,1000,0
Lenovo,Notebook,8,2,2,2.8,10.719642319211694,0,0,127.34,7,2000,0
Lenovo,Notebook,6,2,0,2.8,10.731351797533883,0,0,106.11,7,1000,128
Dell,Notebook,4,1,2,2.25,10.034728073115927,0,0,141.21,3,1000,0
Lenovo,Gaming,8,2,0,2.5,10.695803821362974,0,1,141.21,5,0,256
Lenovo,Notebook,6,0,0,2.2,10.336895919115271,0,0,141.21,5,0,256
Acer,Notebook,8,2,0,3.0,10.833094824406928,0,1,141.21,7,0,256
Acer,Notebook,12,0,0,2.15,10.466313041010059,1,1,141.21,7,1000,0
Lenovo,Notebook,8,0,0,1.95,10.975912595539462,0,1,141.21,7,0,256
Asus,Ultrabook,8,2,0,1.7,10.86006688870326,0,0,141.21,5,0,256
Lenovo,Gaming,16,2,0,2.5,11.04799884586991,0,1,141.21,7,1000,256
Lenovo,Notebook,8,2,2,2.2,10.466328214969593,0,0,141.21,7,1000,0
Acer,Notebook,2,0,2,2.19,9.268960161930154,0,0,100.45,1,0,16
Asus,Gaming,8,2,0,3.0,11.054761232653416,0,0,127.34,7,1000,0
HP,Notebook,8,0,0,2.54,10.16796189691066,0,0,106.11,3,1000,0
Dell,Notebook,8,2,0,2.0,11.487095936335667,0,0,141.21,7,0,256
Lenovo,Notebook,8,0,0,2.05,10.580884344379838,0,0,141.21,5,0,256
Lenovo,Gaming,8,2,0,3.2,11.14492549142712,0,1,141.21,7,1000,0
Acer,Notebook,8,2,2,2.5,10.862111839946362,0,0,141.21,7,0,256
Dell,Workstation,16,2,0,3.42,11.94279918306742,0,0,127.34,7,0,256
Lenovo,Notebook,6,1,0,2.4,10.188204734039374,0,0,141.21,2,1000,0
Asus,Ultrabook,16,2,0,1.63,11.267230020589693,0,0,141.21,7,0,512
Asus,Notebook,4,0,0,1.3,10.20804591591181,0,0,111.94,3,0,128
Asus,Gaming,16,2,0,2.9,11.635684190215565,0,0,127.34,7,1000,256
Lenovo,Notebook,6,2,0,2.8,10.451022662038508,0,0,106.11,5,1000,0
Lenovo,Notebook,8,2,2,2.2,10.283693654349953,0,0,100.45,5,2000,0
Asus,Gaming,8,2,0,2.5,11.118403264255047,0,0,141.21,7,1000,128
Lenovo,Notebook,4,0,2,2.2,9.86168941507667,0,0,100.45,1,1000,0
HP,2 in 1 Convertible,16,0,0,1.28,11.563894206696261,1,0,165.63,7,0,256
Toshiba,Notebook,8,2,0,2.2,10.925435476055437,0,1,141.21,7,0,256
Lenovo,Notebook,8,2,0,2.3,10.683668026512203,0,0,141.21,5,1000,128
HP,Notebook,4,0,0,1.86,10.126203812574422,0,0,141.21,3,1000,0
Lenovo,Notebook,8,0,0,1.1,10.882334592260529,0,1,165.63,5,0,256
Dell,Ultrabook,16,0,0,1.21,11.799214467550595,1,1,331.26,7,0,1000
MSI,Gaming,16,2,0,2.8,11.624786287779711,0,1,141.21,7,1000,256
Acer,Notebook,8,1,0,2.23,10.126203812574422,0,0,141.21,2,0,256
Asus,2 in 1 Convertible,2,0,0,1.1,9.592400371638025,1,0,135.09,1,0,0
Dell,Notebook,8,1,0,2.33,10.71373575845852,0,0,141.21,5,1000,128
HP,2 in 1 Convertible,16,0,0,1.29,11.779003747004984,1,1,331.26,7,0,1000
Lenovo,Notebook,4,0,2,1.45,10.106610910488378,0,0,117.83,1,0,0
HP,Notebook,8,0,0,1.95,10.863132749518224,0,0,157.35,5,0,256
Acer,Notebook,4,0,0,1.4,10.159748614913156,0,0,135.09,1,0,0
HP,Notebook,8,0,0,1.48,11.139522237379978,0,0,157.35,7,0,256
Lenovo,Notebook,4,2,0,2.79,10.354019074857808,0,0,106.11,5,1000,0
Asus,Notebook,8,0,0,2.0,10.973174165162662,0,0,157.35,7,0,256
HP,Notebook,8,0,0,2.1,10.780196354025913,0,1,100.45,7,1000,0
Acer,Notebook,8,1,0,2.2,10.466313041010059,0,0,100.45,2,0,256
Lenovo,Notebook,4,0,0,1.44,9.652379103040136,0,0,111.94,1,0,0
Acer,Notebook,6,0,0,2.23,10.283693654349953,0,0,100.45,5,1000,0
Asus,Ultrabook,8,2,0,1.7,10.932029103313662,0,0,141.21,7,0,256
HP,Ultrabook,8,0,0,1.26,11.17226165597048,0,0,176.23,7,0,256
Dell,Notebook,32,2,0,2.06,11.853723474786245,1,0,282.42,7,0,1000
MSI,Gaming,8,2,0,2.7,11.064819834822508,0,0,127.34,7,1000,256
Toshiba,Notebook,8,0,0,2.0,10.824647211921786,0,1,141.21,5,0,256
Asus,Notebook,8,0,0,2.0,11.171512322150534,0,0,157.35,7,1000,256
Lenovo,Notebook,4,0,0,1.85,10.082625714367484,0,0,141.21,3,1000,0
Asus,Gaming,8,2,0,2.5,10.882334592260529,0,0,141.21,7,0,256
HP,Notebook,8,0,0,1.48,11.120771962987872,0,0,157.35,5,0,256
Dell,Ultrabook,8,2,0,1.9,10.9311715265263,0,1,141.21,5,1000,128
HP,Notebook,8,0,0,1.84,11.017863604303702,0,0,141.21,5,0,256
Asus,Notebook,4,0,2,2.0,9.59236400982223,0,0,100.45,1,1000,0
Dell,Notebook,8,2,0,2.0,11.016770367521554,0,0,141.21,5,0,256
Dell,Notebook,4,0,2,2.2,9.592036693968193,0,0,100.45,1,500,0
Lenovo,Notebook,12,1,0,2.2,10.776864937870439,0,0,141.21,2,2000,0
HP,Notebook,8,2,0,2.1,10.549267406213417,0,1,141.21,3,1000,0
Lenovo,2 in 1 Convertible,16,0,0,1.4,11.624786287779711,1,1,316.97,7,0,512
Dell,Ultrabook,8,0,0,1.2,11.340119926907802,0,0,165.63,7,0,256
Lenovo,Gaming,16,2,0,2.4,11.004665214485216,0,1,141.21,7,2000,256
HP,Notebook,2,0,0,1.44,9.606840077363517,0,0,111.94,1,0,0
Dell,Ultrabook,16,0,0,1.88,11.358294272381869,0,0,141.21,7,0,768
Asus,2 in 1 Convertible,4,0,0,1.5,9.902537101000133,1,0,135.09,1,0,0
Dell,Ultrabook,8,1,0,1.9,10.472364324869146,0,0,141.21,5,1000,0
Dell,Notebook,16,2,0,2.06,11.590089611405006,1,0,282.42,7,0,512
HP,Notebook,8,0,0,1.84,11.148767161842734,0,0,141.21,7,0,256
MSI,Gaming,8,2,0,2.7,11.226209858672876,0,0,127.34,7,1000,128
HP,Workstation,8,2,0,2.6,11.43621746829565,0,0,141.21,7,0,256
Toshiba,Notebook,16,2,0,2.4,11.221942483842241,0,1,141.21,7,0,512
Dell,Notebook,8,1,0,2.02,10.853803833731272,0,0,141.21,7,2000,128
Lenovo,Notebook,4,0,2,2.2,9.750139803606897,0,0,100.45,1,1000,0
Dell,Gaming,8,2,0,2.65,10.882334592260529,0,0,141.21,5,1000,0
Dell,Notebook,8,0,0,2.36,10.298823991756509,1,0,100.45,5,2000,0
Dell,Notebook,8,0,0,1.36,11.23890379622848,0,0,157.35,5,0,256
HP,Notebook,4,0,0,1.86,10.060103191853011,0,0,100.45,3,500,0
Asus,Notebook,8,0,0,2.0,10.82676581465962,0,0,157.35,5,0,256
Lenovo,Notebook,6,2,0,2.8,10.55344848760242,0,0,106.11,5,1000,128
HP,Notebook,8,0,0,1.86,10.435494852273417,0,0,141.21,5,1000,0
Lenovo,Notebook,8,2,2,2.2,10.188204734039374,0,0,100.45,3,0,256
HP,Notebook,8,0,0,2.04,9.939188617449547,0,0,100.45,1,2000,0
Dell,Notebook,8,1,0,2.8,10.964913590461473,0,0,127.34,5,1000,128
Lenovo,Gaming,8,2,2,2.4,10.671383142982906,0,1,141.21,5,1000,128
Dell,Notebook,8,1,0,2.33,10.776864937870439,0,0,141.21,7,0,256
HP,Ultrabook,8,0,0,1.36,11.442942818102907,0,1,157.35,7,0,256
Asus,2 in 1 Convertible,12,2,0,2.26,10.977734058532482,1,0,141.21,7,2000,512
Acer,Notebook,4,1,0,2.1,10.030044429673623,0,0,100.45,2,0,128
Asus,Gaming,16,1,0,3.25,11.671327551888611,0,1,127.34,2,1000,256
Lenovo,Notebook,4,1,0,2.6,10.16796189691066,0,0,106.11,2,0,128
Dell,2 in 1 Convertible,8,0,0,1.62,10.742937256552272,1,0,165.63,7,0,256
HP,Notebook,4,1,0,1.91,10.167941447588701,0,0,141.21,2,0,256
Lenovo,Netbook,4,0,0,1.59,10.29095296708588,0,1,135.09,1,0,128
Dell,Notebook,4,0,0,1.8,9.708963041637261,0,0,100.45,1,500,0
Asus,Notebook,4,0,0,1.5,9.63161845996438,0,0,111.94,1,0,0
Acer,Notebook,8,2,2,2.4,10.71610257089814,0,0,141.21,7,1000,0
HP,Gaming,8,2,0,3.35,11.058125354295145,0,1,127.34,7,1000,128
Lenovo,Notebook,4,0,2,1.85,9.975784027776756,0,0,141.21,3,0,128
Asus,Gaming,8,2,0,2.3,11.387128654624775,0,1,141.21,7,1000,128
Lenovo,Notebook,8,2,0,1.5,10.977734058532482,0,1,157.35,5,0,256
Asus,Ultrabook,16,0,0,1.1,11.442314055786095,1,0,165.63,7,0,512
Lenovo,Ultrabook,8,0,0,1.13,11.708376781321808,0,1,209.8,7,0,512
Lenovo,Notebook,4,0,0,1.5,10.283693654349953,0,1,165.63,3,0,128
Dell,Workstation,8,1,0,2.23,11.197410561265002,0,0,141.21,5,500,0
Dell,Workstation,8,2,0,2.0,11.641791742848616,0,1,141.21,7,0,256
Lenovo,2 in 1 Convertible,16,0,0,1.42,11.803208053148005,1,0,209.8,7,0,512
Asus,Gaming,8,2,0,3.0,10.921593081430734,0,0,127.34,7,1000,0
Asus,Gaming,16,2,0,3.0,11.347690851338031,0,0,127.34,7,1000,256
Acer,Notebook,12,2,0,2.2,10.518045621772615,0,1,100.45,5,1000,0
MSI,Gaming,8,2,0,2.7,11.182693795440782,0,0,127.34,7,0,256
Dell,Notebook,8,1,2,2.33,10.633429274704698,0,0,141.21,7,0,256
HP,Ultrabook,4,1,0,1.91,10.188204734039374,0,0,141.21,2,0,256
Lenovo,Notebook,8,1,0,2.1,11.089987951528633,0,1,141.21,7,0,256
Lenovo,Notebook,8,0,0,1.9,10.819330984386541,0,1,157.35,5,0,256
Dell,Workstation,8,2,0,1.78,11.881009595905924,1,0,282.42,7,0,256
Lenovo,Ultrabook,16,0,0,1.13,11.848404351239447,0,1,209.8,7,0,1000
Lenovo,Notebook,4,0,0,2.2,9.699207462149198,0,0,100.45,1,1000,0
Asus,Gaming,16,2,0,2.9,11.307942507277987,0,0,127.34,7,1000,256
Lenovo,Notebook,8,1,0,2.1,11.018300564589259,0,1,141.21,5,1000,256
Acer,Notebook,8,2,2,2.5,10.754367276099781,0,0,141.21,7,0,256
MSI,Gaming,16,2,0,2.8,11.693810323540696,0,0,127.34,7,1000,256
Asus,Ultrabook,8,0,0,1.1,11.51086774932477,0,0,157.35,7,0,512
Toshiba,Ultrabook,16,0,0,1.2,11.44122707973651,0,0,165.63,7,0,512
Dell,Ultrabook,8,0,0,1.36,11.402121270453206,0,0,157.35,7,0,512
Lenovo,Notebook,4,0,0,2.2,9.989322070632241,0,0,141.21,3,500,0
Lenovo,Notebook,2,0,0,1.15,9.694129542502065,0,0,135.09,1,0,0
Lenovo,Workstation,8,2,0,2.67,11.538252022916238,0,0,141.21,7,0,512
Lenovo,Ultrabook,8,2,0,1.7,11.547559135248338,0,1,209.8,7,0,512
HP,Notebook,4,1,0,2.1,10.126203812574422,0,0,141.21,3,1000,0
Acer,2 in 1 Convertible,8,0,0,1.6,10.646363808731104,1,1,165.63,7,0,256
Asus,2 in 1 Convertible,8,0,0,1.27,10.808612983780158,1,1,165.63,5,0,256
Dell,Notebook,4,1,2,2.3,10.370687003747133,0,0,141.21,5,0,256
Dell,Notebook,4,0,0,1.65,10.510829537468052,0,0,117.83,3,0,128
HP,Ultrabook,8,0,0,1.43,11.288793925756666,0,0,157.35,7,0,256
Dell,Notebook,8,0,0,2.14,10.267072328504518,0,0,100.45,5,1000,0
Lenovo,Ultrabook,8,1,0,1.75,11.078388532907343,0,1,157.35,7,0,256
Lenovo,2 in 1 Convertible,16,2,0,2.0,11.524653620496773,1,1,282.42,7,0,512
Chuwi,Notebook,6,0,0,1.4,10.082625714367484,0,1,267.34,1,0,0
HP,Notebook,8,0,0,2.31,11.23890379622848,0,0,141.21,7,0,256
Asus,Notebook,8,2,2,2.3,10.367509577604206,0,0,141.21,3,1000,0
Dell,Gaming,16,2,0,4.42,11.91258522125164,0,1,169.78,7,1000,256
Dell,Gaming,8,2,0,2.62,11.030890063374128,0,1,141.21,7,1000,128
Dell,Notebook,8,1,0,2.02,11.016464046926865,0,0,141.21,7,2000,256
Dell,Ultrabook,8,0,2,1.6,10.977734058532482,0,0,157.35,7,0,256
HP,Gaming,12,2,0,3.35,11.57597274976738,0,0,127.34,7,1000,256
Mediacom,2 in 1 Convertible,4,0,0,1.16,9.676067369454655,1,1,189.91,1,0,32
Samsung,Netbook,4,0,2,1.15,9.570342175774599,0,0,135.09,1,0,0
Lenovo,Notebook,8,0,0,1.4,10.893285218834153,0,1,165.63,7,0,256
Lenovo,Notebook,4,0,0,1.7,10.370853957360486,0,1,157.35,3,0,128
Lenovo,Workstation,16,2,0,2.3,11.777369104499687,0,1,282.42,7,0,512
Lenovo,Notebook,16,2,0,2.5,11.779003747004984,0,0,141.21,7,0,512
Asus,Gaming,8,1,0,3.2,11.4110101190053,0,0,127.34,2,1000,256
HP,Notebook,4,0,0,2.1,9.824939893387057,0,0,100.45,1,500,0
Google,Ultrabook,16,0,2,1.1,11.671327551888611,1,0,234.51,7,0,512
Lenovo,Ultrabook,24,0,0,1.32,11.751264655532276,0,0,209.8,7,0,512
Asus,Notebook,4,0,2,2.0,10.301744074438556,0,0,141.21,5,0,256
Lenovo,Notebook,8,1,0,2.8,10.227501072075105,0,0,106.11,2,1000,0
Dell,Notebook,4,1,0,2.2,10.594325067871669,0,0,141.21,5,0,256
Lenovo,Ultrabook,8,0,0,1.36,11.240304338273628,0,1,176.23,5,0,256
Lenovo,Notebook,4,0,0,2.2,9.830686725695612,0,0,141.21,1,0,128
HP,Gaming,8,2,0,2.2,10.977734058532482,0,1,141.21,7,1000,128
Dell,Notebook,8,2,0,1.64,11.04799884586991,0,0,157.35,5,0,256
Acer,Notebook,4,0,2,2.4,10.066460798816403,0,0,100.45,5,500,0
Dell,Workstation,8,2,0,2.23,11.572966763745677,0,0,141.21,1,1000,0
MSI,Gaming,8,2,0,2.2,10.910696783979338,0,0,141.21,5,0,256
Microsoft,Ultrabook,16,0,0,1.25,11.834595255385269,1,0,200.84,7,0,512
HP,Notebook,8,0,0,1.91,10.354019074857808,0,0,100.45,5,0,128
Dell,Workstation,16,2,0,2.17,11.563894206696261,0,1,141.21,7,0,256
HP,Workstation,8,0,0,2.31,11.311207243266212,0,1,141.21,7,0,512
Lenovo,Notebook,8,0,0,1.65,11.17972427264563,0,0,157.35,5,0,256
Dell,Notebook,8,1,0,2.36,10.862111839946362,0,0,141.21,7,1000,128
Dell,2 in 1 Convertible,4,0,0,1.47,10.147300806108744,1,0,135.09,1,500,0
Dell,Notebook,8,2,0,4.42,11.5992121460979,0,1,127.34,7,1000,0
Microsoft,Ultrabook,4,0,0,1.252,10.87227433519628,1,0,200.84,1,0,128
Microsoft,Ultrabook,8,0,0,1.25,11.470557693018055,1,0,200.84,7,0,256
HP,Notebook,8,0,0,2.5,10.436902270731546,0,0,106.11,3,0,256
Acer,Notebook,4,2,0,2.23,10.274544773906094,0,0,141.21,3,1000,0
Acer,Netbook,4,0,0,1.4,10.0509502029849,0,0,135.09,1,0,128
Asus,Notebook,8,0,0,2.37,10.594325067871669,0,0,141.21,5,1000,0
Lenovo,Notebook,8,1,2,1.5,10.65894546204638,0,1,157.35,7,0,512
Lenovo,Notebook,8,2,0,2.67,11.620489351422806,0,0,141.21,7,0,256
Asus,Notebook,4,0,0,2.0,9.692650465103508,0,0,100.45,1,500,0
Acer,Notebook,4,2,0,2.2,10.126203812574422,0,0,100.45,3,500,0
Dell,Notebook,8,1,0,2.02,10.607587531607622,0,0,141.21,5,2000,0
HP,Gaming,12,2,0,3.78,11.413367194793471,0,1,127.34,7,1000,0
Lenovo,Ultrabook,12,0,0,1.4,11.502827047152728,0,1,209.8,7,0,256
HP,2 in 1 Convertible,8,0,0,1.29,11.57597274976738,1,1,331.26,7,0,512
HP,Notebook,8,1,0,1.9,11.02656673726564,0,0,141.21,5,500,0
Google,Ultrabook,8,0,2,1.1,11.126277204319269,1,0,234.51,5,0,128
Dell,Ultrabook,8,0,0,1.42,11.494096996627102,1,0,165.63,5,0,256
Asus,Notebook,12,0,0,2.06,11.14492549142712,0,1,282.42,7,1000,128
Dell,Notebook,8,0,0,1.79,10.582236575309748,0,0,111.94,3,0,128
Dell,Workstation,8,2,0,1.78,11.76212062696966,0,0,141.21,7,0,256
Lenovo,Notebook,8,0,0,1.7,11.193751624635278,0,0,157.35,5,0,180
Dell,Notebook,8,1,0,2.2,10.490301522301456,0,0,141.21,5,1000,0
Toshiba,Notebook,8,0,0,1.05,11.397348045153949,0,1,165.63,5,0,256
Dell,Notebook,8,2,0,2.16,11.116028941464197,0,1,141.21,7,0,512
Dell,Notebook,4,0,0,2.18,10.349936178119012,0,0,100.45,3,1000,0
HP,Notebook,4,0,0,1.49,10.563136893021344,0,1,165.63,5,0,128
Chuwi,Notebook,4,0,0,1.89,9.492687639628008,0,0,141.21,1,0,0
Lenovo,Notebook,4,0,0,2.3,10.312419975886602,0,0,100.45,3,0,128
Lenovo,Notebook,8,0,0,1.75,10.9311715265263,0,1,157.35,5,0,256
Dell,Workstation,16,2,0,2.17,11.732620195934564,0,1,141.21,7,0,512
Dell,Notebook,16,2,0,2.06,11.524653620496773,0,0,141.21,7,0,512
Lenovo,Ultrabook,16,0,0,1.36,11.470001679901523,0,1,176.23,7,0,512
Asus,Ultrabook,16,0,0,0.91,11.551155302753232,0,0,176.23,7,0,512
Lenovo,Notebook,8,2,0,2.3,10.895253540833279,0,1,141.21,5,0,256
Toshiba,Ultrabook,32,0,0,1.05,11.91258522125164,1,0,165.63,7,0,512
Asus,Gaming,8,2,0,1.99,11.183434800359647,0,0,141.21,7,1000,128
Acer,Notebook,8,1,0,2.2,10.336895919115271,0,0,100.45,2,1000,0
Asus,Gaming,24,2,0,4.33,11.121560284041063,1,1,127.34,7,1000,256
Lenovo,Ultrabook,8,0,0,1.3,10.977734058532482,0,1,125.37,5,0,180
Lenovo,Notebook,8,0,0,2.17,10.776753699300672,0,0,141.21,7,0,256
HP,Notebook,8,0,0,1.48,11.442371232335963,0,0,157.35,7,0,1000
Lenovo,Notebook,8,0,0,1.4,10.830989602063529,0,1,165.63,3,0,256
Lenovo,Notebook,8,0,0,2.3,10.790124525660513,0,1,141.21,5,0,256
Asus,Netbook,4,0,0,1.2,9.804561844579837,0,0,135.09,1,0,0
HP,Notebook,8,1,0,1.91,10.403680464840251,0,0,100.45,5,0,256
Lenovo,2 in 1 Convertible,8,0,0,1.4,11.352706476813816,1,1,158.48,5,0,256
Lenovo,Notebook,4,0,0,2.1,9.676067369454655,0,0,111.94,1,500,0
Lenovo,Netbook,4,0,2,1.25,9.55536167525287,0,0,135.09,1,0,16
Lenovo,Notebook,8,0,0,1.44,10.830989602063529,0,0,165.63,5,0,256
Asus,Notebook,8,0,0,2.0,11.085455823148253,0,0,141.21,7,1000,256
Acer,Notebook,4,2,0,2.2,10.393956579593214,0,1,141.21,5,1000,0
HP,Ultrabook,8,0,0,1.34,11.163232376768585,0,1,165.63,7,0,512
Lenovo,Gaming,8,2,2,2.4,11.022224638820209,0,1,141.21,7,1000,256
Dell,Ultrabook,8,0,0,1.29,10.776864937870439,1,1,165.63,5,0,128
Acer,Notebook,4,2,0,2.2,10.435494852273417,0,0,141.21,7,500,0
Dell,Notebook,8,0,0,2.18,10.704212089745168,0,0,141.21,5,1000,0
Dell,Notebook,16,1,0,2.2,11.08155941273309,0,0,141.21,7,2000,256
Xiaomi,Notebook,16,2,2,1.95,11.219766233564348,0,1,141.21,7,0,256
Asus,Netbook,2,0,0,1.1,9.476895841062142,0,0,135.09,1,0,0
HP,Notebook,4,0,0,2.04,10.232248764043675,1,0,100.45,5,1000,0
Asus,Gaming,24,2,0,2.24,11.971210954208564,0,0,141.21,7,0,512
HP,Notebook,8,2,0,2.04,10.765679373749014,0,0,141.21,5,0,256
Asus,Gaming,16,2,0,3.0,11.291457009898608,0,0,127.34,7,1000,256
Lenovo,Gaming,8,2,0,3.2,11.219087416653776,0,1,141.21,7,1000,256
HP,Ultrabook,8,0,0,1.32,11.219087416653776,0,1,165.63,7,0,256
Dell,Notebook,8,0,0,1.64,11.129980089482057,0,0,157.35,5,0,256
HP,Notebook,4,0,0,1.63,10.510829537468052,0,0,100.45,3,0,128
Dell,Notebook,8,1,2,2.8,10.765679373749014,0,1,127.34,5,1000,128
Lenovo,Notebook,8,0,0,2.02,11.175999925622857,0,0,157.35,5,0,256
Lenovo,Notebook,4,2,0,2.2,10.65894546204638,0,0,141.21,7,1000,0
Lenovo,Notebook,8,2,2,2.2,10.104652126020449,0,0,100.45,3,2000,0
Dell,Notebook,4,1,0,2.3,10.347204956314746,0,0,141.21,5,500,0
Dell,Notebook,8,0,0,1.9,11.20323715505582,0,0,141.21,5,0,256
Dell,Gaming,16,2,0,4.42,11.986182456289773,0,1,127.34,7,1000,128
Toshiba,Notebook,8,0,0,2.0,10.732515239391274,0,1,141.21,5,500,0
Asus,Notebook,8,2,0,2.0,11.14492549142712,0,1,282.42,7,1000,256
Mediacom,Notebook,4,0,0,1.2,9.88640853285114,0,1,165.63,1,0,32
Asus,Gaming,8,2,0,2.3,11.38349673063646,0,1,141.21,5,1000,128
Dell,Notebook,8,2,0,1.93,11.197410561265002,0,0,141.21,7,0,256
Dell,Notebook,8,1,0,2.2,10.656953538743746,0,0,141.21,5,0,256
HP,Notebook,4,0,0,1.86,9.964544419744591,0,0,141.21,1,0,256
HP,Gaming,12,2,0,2.62,11.470557693018055,0,0,127.34,7,1000,0
Lenovo,Notebook,8,2,0,1.87,10.731351797533883,0,1,157.35,7,0,256
Dell,Ultrabook,8,0,0,1.2,11.219087416653776,1,0,276.05,7,0,256
Dell,Notebook,4,0,0,1.6,10.576640004149553,0,0,157.35,3,0,128
HP,Ultrabook,8,0,0,1.34,11.018737334023916,0,1,276.05,7,0,256
Acer,Gaming,8,2,2,2.4,10.65769314316572,0,0,141.21,5,1000,0
Asus,Notebook,4,1,0,2.0,9.830686725695612,0,0,100.45,2,500,0
HP,Notebook,4,0,0,2.1,10.534494400670454,0,0,141.21,3,0,128
Lenovo,Notebook,4,0,0,1.87,10.641268652988298,0,0,157.35,5,500,0
Lenovo,Notebook,4,0,2,2.15,10.111923799719232,0,0,141.21,5,1000,0
HP,Notebook,4,0,0,1.86,9.959544582297465,0,0,141.21,3,500,0
Lenovo,Notebook,8,0,0,1.99,11.430870367130519,0,1,141.21,7,0,512
Lenovo,Notebook,4,0,0,2.2,10.188204734039374,0,0,141.21,3,0,128
Dell,Notebook,8,0,0,1.9,10.9939706755559,0,0,141.21,5,0,256
Dell,Gaming,16,2,0,4.42,11.876204593197345,0,1,127.34,7,1000,256
HP,Notebook,8,0,0,2.65,10.274820461681916,0,0,106.11,3,1000,0
HP,Notebook,8,2,0,2.63,11.130191046138895,0,0,127.34,7,1000,0
Asus,Notebook,4,0,2,2.0,9.387290863723349,0,0,100.45,1,500,0
Mediacom,Notebook,4,0,0,1.35,9.51689817169677,0,1,165.63,1,0,0
Lenovo,Notebook,6,2,0,2.8,10.830989602063529,0,0,106.11,7,1000,128
HP,Notebook,6,1,0,1.91,10.319298688776522,0,1,141.21,2,0,128
Dell,Notebook,4,1,0,2.18,10.401918032928819,0,0,100.45,3,1000,0
Acer,2 in 1 Convertible,4,0,0,1.25,9.830686725695612,1,1,189.91,1,0,0
Lenovo,Notebook,4,0,0,2.05,10.421310636870407,0,0,141.21,3,0,128
HP,Ultrabook,16,0,0,1.16,11.558818102026148,1,1,276.05,1,0,512
Lenovo,Notebook,8,2,0,3.4,11.98160146330393,0,1,127.34,7,0,256
Asus,Notebook,8,2,0,2.5,10.707794102852903,0,0,141.21,5,1000,128
Dell,Ultrabook,8,0,0,1.21,11.352706476813816,1,1,331.26,5,0,128
Dell,Notebook,4,0,0,1.93,10.841471672111513,0,0,100.45,5,500,0
Fujitsu,Notebook,8,0,0,2.2,10.580884344379838,0,0,100.45,5,1000,0
Lenovo,Notebook,4,0,0,2.2,9.816257242491497,0,0,141.21,1,500,0
Lenovo,Notebook,4,0,0,2.02,10.873284927533353,0,0,111.94,5,500,0
HP,Workstation,8,2,0,3.14,11.504434994721837,0,0,106.11,5,500,0
HP,Notebook,8,0,0,1.94,9.939188617449547,0,0,111.94,1,2000,0
HP,Notebook,6,1,0,1.95,10.451022662038508,0,1,141.21,2,0,256
Lenovo,Notebook,8,0,0,2.3,10.697009339741529,0,0,141.21,5,0,256
Lenovo,Notebook,4,0,0,2.05,10.505007263781431,0,0,141.21,5,500,0
Mediacom,Notebook,4,0,0,1.4,9.49308929643757,0,0,157.35,1,0,32
Toshiba,Ultrabook,16,0,0,1.24,11.506587421942397,1,0,157.35,7,0,512
Lenovo,Gaming,32,2,0,4.6,11.862776660000488,0,1,127.34,7,1000,256
MSI,Gaming,16,2,0,4.14,11.887258424442937,0,0,127.34,7,1000,512
Dell,Notebook,8,1,2,2.2,10.594338418582844,0,0,141.21,7,0,256
Mediacom,Notebook,4,0,0,1.45,9.939188617449547,0,1,157.35,1,0,32
Dell,Notebook,8,0,0,1.9,10.891818824899195,0,0,100.45,5,500,0
HP,Notebook,4,0,0,1.49,10.55344848760242,0,0,165.63,3,0,128
Dell,Notebook,16,2,0,1.93,11.313414686766107,0,0,141.21,7,0,256
Dell,Netbook,4,0,2,1.26,9.662600003493079,0,0,135.09,1,0,0
MSI,Gaming,16,2,0,4.5,11.737314000969286,0,0,127.34,7,1000,128
HP,Gaming,16,2,0,3.78,11.287459719448945,0,1,127.34,7,1000,256
Lenovo,Ultrabook,12,0,0,1.4,11.397945945786494,0,1,157.35,7,0,256
Lenovo,Notebook,12,0,0,2.2,10.387410112463472,1,0,100.45,7,1000,0
Asus,Gaming,8,2,0,2.73,11.454306455567952,0,1,127.34,5,1000,128
Asus,2 in 1 Convertible,8,0,0,2.2,10.580884344379838,1,0,100.45,5,1000,0
Lenovo,Notebook,12,1,0,2.2,10.830989602063529,0,0,141.21,2,0,512
Dell,2 in 1 Convertible,4,0,0,1.39,10.377509348127942,1,0,135.09,1,0,128
Samsung,Notebook,16,2,0,2.5,11.413367194793471,0,0,141.21,7,1000,128
Lenovo,Notebook,4,0,2,2.8,10.246584937175161,0,0,127.34,3,500,0
Lenovo,Notebook,8,0,0,2.29,10.104652126020449,0,0,100.45,3,1000,0
Lenovo,2 in 1 Convertible,8,0,0,1.37,11.588895274257608,1,1,165.63,7,0,512
Lenovo,Notebook,8,0,0,1.7,11.271308832122036,0,1,157.35,5,0,256
Dell,2 in 1 Convertible,8,0,0,1.34,11.396151170363474,1,0,176.23,5,0,256
Dell,Workstation,8,2,0,2.06,11.450343854500035,1,0,141.21,7,0,256
HP,Notebook,8,0,0,1.84,11.081362552451946,0,0,141.21,7,0,256
HP,Notebook,4,0,0,2.1,10.480595580990489,0,0,100.45,3,500,0
Acer,Notebook,4,0,0,1.6,9.771675823299722,0,0,157.35,1,0,0
MSI,Gaming,16,2,0,4.14,11.671327551888611,0,0,127.34,7,1000,128
Dell,Notebook,4,1,2,2.18,10.117638793948517,0,0,100.45,3,1000,0
MSI,Gaming,16,2,0,1.8,11.715798714845754,0,0,282.42,7,2000,256
Toshiba,Notebook,8,0,0,2.2,11.219087416653776,0,1,141.21,7,0,256
Lenovo,Notebook,6,0,0,2.4,10.310648555135304,0,0,141.21,5,1000,0
Lenovo,2 in 1 Convertible,8,0,0,2.0,11.14492549142712,1,1,141.21,7,0,256
Acer,Notebook,4,0,0,1.6,9.830686725695612,0,0,111.94,1,0,0
Lenovo,Notebook,32,2,0,2.5,12.472351239006208,0,1,282.42,1,0,1000
Dell,Gaming,16,2,0,2.59,10.754378652356438,0,0,141.21,7,1000,0
Dell,Notebook,4,0,2,2.18,10.071202618702882,0,0,100.45,3,1000,0
Dell,Notebook,4,0,2,2.25,9.858935694046775,0,0,100.45,3,1000,0
Dell,Notebook,4,0,2,1.93,10.742925749387153,0,0,100.45,5,500,0
Asus,Gaming,8,2,0,3.0,11.038625258642542,0,0,127.34,7,1000,128
Dell,Notebook,4,1,2,2.18,10.319474445348318,0,0,141.21,5,0,128
HP,Ultrabook,8,0,0,1.84,11.211913881327705,0,0,141.21,7,0,512
MSI,Gaming,16,2,0,2.94,11.702161236727294,0,0,141.21,7,1000,256
Acer,2 in 1 Convertible,4,0,2,1.25,9.913146751905726,1,1,135.09,1,0,0
HP,Notebook,8,0,0,2.31,11.000226754739211,0,0,111.94,5,0,256
Lenovo,Notebook,8,0,0,1.65,11.265184359047494,0,0,157.35,5,0,256
Dell,Notebook,4,1,0,2.2,10.629737732680555,0,0,141.21,5,1000,0
Fujitsu,Notebook,8,0,0,2.2,10.65894546204638,0,0,100.45,5,0,256
HP,Notebook,4,0,0,1.88,10.81291397887887,0,0,100.45,5,500,0
Lenovo,Notebook,8,2,0,2.2,10.776864937870439,0,0,141.21,7,1000,0
Mediacom,Notebook,2,0,0,1.4,9.452103105493551,0,0,157.35,1,0,0
Lenovo,Notebook,4,0,2,2.2,10.124069425552399,0,0,141.21,5,0,128
Asus,2 in 1 Convertible,6,0,0,1.5,10.435510501143598,1,0,165.63,5,1000,0
Dell,Notebook,8,2,0,2.0,11.482163118760115,0,0,141.21,7,0,256
Asus,Ultrabook,16,0,0,1.1,11.525180069637228,0,0,157.35,7,0,512
Dell,Gaming,16,2,0,2.62,11.274695179037376,0,0,141.21,7,1000,256
Lenovo,Notebook,4,0,0,1.8,10.695803821362974,0,0,141.21,5,0,256
Lenovo,Notebook,4,2,0,2.2,10.336895919115271,0,0,141.21,3,1000,0
Asus,Notebook,8,0,0,2.0,9.964569481536397,0,0,100.45,1,1000,0
Asus,Notebook,8,2,0,1.99,10.78530512664034,0,0,141.21,5,1000,0
Dell,Ultrabook,8,0,0,1.23,11.508729875782148,1,0,276.05,5,0,256
Lenovo,Notebook,2,0,0,1.42,9.49308929643757,0,0,111.94,1,0,0
Lenovo,2 in 1 Convertible,8,0,0,1.37,11.447173809349156,1,1,165.63,7,0,256
Dell,Notebook,16,2,0,2.06,11.75837611262137,1,0,282.42,7,0,1000
Lenovo,Gaming,8,2,0,2.5,10.986791937486872,0,1,141.21,7,1000,128
HP,Notebook,8,1,0,2.6,10.231155141758178,0,0,107.99,2,1000,0
Lenovo,Ultrabook,16,0,0,1.14,11.77941199046351,0,1,157.35,7,0,512
Asus,Gaming,8,2,2,2.5,11.039481042980592,0,1,141.21,7,1000,0
Acer,Notebook,4,0,0,2.4,10.08485031650177,0,0,100.45,3,500,0
Lenovo,Notebook,4,0,0,1.43,9.588757629430335,0,0,111.94,1,0,0
Acer,Ultrabook,8,0,0,1.8,10.798867571413842,0,1,157.35,5,0,256
Razer,Gaming,16,2,0,1.95,11.838450282382281,0,0,157.35,7,0,256
Toshiba,Notebook,8,0,0,1.2,11.076428408072776,0,0,165.63,5,0,256
Lenovo,Ultrabook,8,0,0,1.36,11.343281447506488,0,1,176.23,7,0,256
Asus,Gaming,32,2,0,3.8,11.91258522125164,0,1,127.34,7,0,512
Acer,Gaming,8,2,2,2.4,10.539443024584216,0,0,141.21,5,1000,0
Dell,Ultrabook,8,0,0,1.2,11.254823838538709,0,0,165.63,5,0,256
MSI,Gaming,8,2,0,2.2,11.058796822674717,0,0,141.21,7,1000,128
HP,Notebook,4,0,2,1.86,9.875235803727964,0,0,100.45,3,500,0
Toshiba,Notebook,8,0,0,2.0,10.945369335798414,0,1,141.21,5,500,0
Dell,Notebook,8,1,0,2.2,10.798867571413842,0,0,141.21,7,0,256
Dell,Notebook,16,1,0,2.2,11.00996549237106,0,0,141.21,7,2000,256
Lenovo,Gaming,8,2,0,3.31,11.062314653570054,0,1,141.21,7,1000,128
Dell,Gaming,32,2,0,4.42,12.02988945197694,0,1,254.67,7,1000,512
Dell,Notebook,8,0,0,1.56,11.089532407259076,0,0,157.35,5,0,256
Lenovo,Notebook,4,0,0,2.2,10.01347673934858,0,0,100.45,1,500,0
Lenovo,Notebook,4,0,0,2.2,10.257862854323571,0,0,141.21,5,500,0
HP,Notebook,6,1,0,2.04,10.265311417998271,0,0,141.21,3,1000,0
MSI,Gaming,8,2,0,2.7,11.279934910664343,0,0,127.34,7,1000,128
Toshiba,Notebook,4,0,0,2.1,10.1861987908373,0,0,100.45,3,0,128
Dell,Notebook,8,0,0,2.06,10.837292019680758,0,0,141.21,5,1000,0
HP,Notebook,8,1,0,2.1,10.588970437272568,0,0,141.21,7,1000,0
Toshiba,Notebook,8,0,0,2.0,11.112854382911248,0,1,141.21,5,0,256
Acer,Notebook,4,0,2,2.1,9.996629929808053,0,0,100.45,3,0,128
Microsoft,Ultrabook,8,0,0,1.252,11.508114390288002,1,0,200.84,7,0,256
Lenovo,Notebook,8,1,0,1.9,10.682385182116725,0,0,141.21,5,1000,128
Lenovo,2 in 1 Convertible,8,0,0,1.3,10.916769232749665,1,1,165.63,5,0,256
Lenovo,Notebook,4,1,0,2.2,9.830686725695612,0,0,100.45,2,0,128
HP,2 in 1 Convertible,4,2,0,1.63,10.525238618990686,1,1,157.35,3,0,128
MSI,Gaming,16,2,0,2.4,11.141069005645882,0,0,141.21,7,1000,256
Asus,Ultrabook,8,0,0,1.1,11.00996549237106,0,0,157.35,5,0,256
HP,2 in 1 Convertible,8,0,2,1.4,10.180156704786587,1,0,135.09,1,0,0
LG,Ultrabook,8,0,0,1.09,11.715798714845754,0,1,141.21,7,0,512
Acer,Gaming,16,2,0,2.5,11.14492549142712,0,0,141.21,5,0,256
MSI,Gaming,8,2,0,2.2,10.881232905211656,0,0,141.21,5,0,256
Asus,Notebook,4,0,0,1.86,10.01347673934858,0,0,100.45,1,0,128
Dell,Gaming,16,2,0,3.21,11.601652935295686,0,0,141.21,5,1000,128
HP,Notebook,4,1,0,2.5,10.525238618990686,0,1,127.34,3,0,256
Lenovo,2 in 1 Convertible,8,0,0,1.19,11.288127045116099,1,1,165.63,7,0,512
Dell,Gaming,16,2,0,3.49,11.917841088806224,0,0,141.21,7,1000,256
HP,Notebook,4,1,0,1.86,10.393320181279313,0,0,100.45,5,500,0
Dell,Notebook,4,1,0,2.2,10.277609818883528,0,0,100.45,3,1000,0
HP,Notebook,6,1,0,2.65,10.319474445348318,0,1,127.34,2,2000,0
Lenovo,Notebook,4,0,0,2.1,9.737671428556059,0,0,100.45,1,500,0
Acer,Notebook,4,0,2,1.45,9.902537101000133,0,0,111.94,1,0,0
Lenovo,Notebook,4,0,0,1.7,10.525238618990686,0,0,157.35,5,0,256
HP,Workstation,8,2,0,3.14,11.529376474020564,0,0,127.34,7,500,0
Lenovo,2 in 1 Convertible,8,0,0,1.42,11.834981427528328,1,0,209.8,7,0,256
Toshiba,Notebook,8,0,0,1.5,10.855964397819733,0,1,165.63,5,0,256
Acer,Netbook,4,0,0,1.4,9.570342175774599,0,0,135.09,1,0,0
Lenovo,2 in 1 Convertible,16,0,0,1.38,11.442371232335963,1,0,157.35,7,0,512
Asus,2 in 1 Convertible,4,0,2,1.2,10.48137314092762,1,0,176.23,1,0,0
Toshiba,Ultrabook,16,0,0,1.36,11.513001062112693,1,0,165.63,7,0,512
HP,Notebook,4,1,0,2.1,10.510829537468052,0,1,141.21,7,500,0
Dell,Gaming,8,2,0,2.56,10.683668026512203,0,0,141.21,5,1000,0
Lenovo,Notebook,4,1,0,2.2,9.964569481536397,0,0,141.21,2,0,256
Lenovo,Notebook,8,1,0,2.2,10.037061694246896,0,0,100.45,2,1000,0
Lenovo,Notebook,4,0,0,2.1,10.407646684542572,0,0,141.21,5,2000,0
Lenovo,Notebook,4,0,2,1.9,10.08485031650177,0,0,100.45,3,500,0
Dell,Notebook,8,0,0,2.18,10.653926749121963,0,0,141.21,5,0,256
Acer,2 in 1 Convertible,8,0,0,1.6,10.882334592260529,1,1,165.63,5,0,256
Lenovo,Workstation,16,2,0,2.18,11.50121111915713,0,0,141.21,7,0,512
Lenovo,Notebook,8,0,0,1.8,11.058125354295145,0,0,157.35,5,0,256
HP,Notebook,6,1,0,2.71,10.460240182687231,0,1,127.34,2,2000,0
Lenovo,Gaming,8,2,0,2.5,11.10567456328145,0,1,141.21,7,1000,128
Dell,Notebook,8,2,2,1.64,10.968593383882295,0,0,157.35,5,0,256
Dell,Notebook,8,0,2,1.98,10.563136893021344,0,0,141.21,5,1000,0
Asus,Notebook,4,0,0,1.5,9.67271749319976,0,0,157.35,1,0,0
Dell,Notebook,16,0,0,1.93,11.238665508885735,0,0,141.21,5,0,512
Lenovo,Notebook,8,2,0,1.87,10.729102520292825,0,1,157.35,5,0,256
Dell,Notebook,8,0,0,1.9,11.04799884586991,0,0,141.21,5,0,256
Lenovo,Notebook,4,1,0,2.19,9.67271749319976,0,0,100.45,2,500,0
Mediacom,Notebook,4,0,0,1.4,9.55536167525287,0,1,161.73,1,32,0
HP,Notebook,8,2,0,2.63,11.065653502526553,0,0,127.34,7,0,256
Lenovo,Ultrabook,8,0,0,1.17,11.406065817286411,0,1,209.8,7,0,512
HP,2 in 1 Convertible,8,0,0,1.58,10.704929519567553,1,1,117.83,5,0,256
Lenovo,Ultrabook,8,0,0,1.32,11.288127045116099,0,1,157.35,5,0,256
Dell,Gaming,32,2,0,4.36,12.180620633669152,0,0,254.67,7,1000,1000
MSI,Gaming,8,2,0,2.7,11.182308255773881,0,0,127.34,7,1000,128
Lenovo,Notebook,4,0,2,1.9,10.16980062557119,0,0,100.45,5,1000,0
Dell,Notebook,8,1,0,2.2,10.55344848760242,0,0,141.21,5,1000,128
Dell,2 in 1 Convertible,4,0,0,1.71,10.451022662038508,1,0,165.63,3,1000,0
Dell,Notebook,8,1,2,2.32,10.354901509558161,0,0,100.45,5,1000,0
HP,Notebook,4,1,0,2.1,10.16796189691066,0,0,141.21,2,1000,0
Acer,Gaming,16,2,0,4.2,11.543433331271078,0,1,127.34,7,1000,128
Dell,Notebook,12,0,0,2.25,10.451022662038508,0,0,100.45,5,1000,0
HP,Notebook,6,1,0,2.1,10.452562263733816,0,0,141.21,2,1000,128
Acer,Notebook,4,0,0,2.4,10.301744074438556,0,0,100.45,5,500,0
Lenovo,Notebook,8,0,0,1.44,10.842513861303702,0,1,165.63,5,0,256
Lenovo,Notebook,4,0,0,1.85,10.633596165225693,0,0,141.21,7,1000,0
HP,Workstation,16,2,0,2.6,11.76667829570779,0,0,141.21,7,0,256
Dell,2 in 1 Convertible,8,0,0,1.55,10.466313041010059,1,0,165.63,5,1000,0
MSI,Gaming,16,2,0,1.8,11.622630578778884,0,0,141.21,7,1000,256
Acer,Notebook,4,0,0,2.4,9.993713191579683,0,0,100.45,3,500,0
Dell,Notebook,8,2,0,2.0,11.071469797141466,0,0,141.21,7,1000,128
Dell,Notebook,8,0,0,2.0,10.47537629020214,0,0,100.45,3,0,256
Toshiba,Notebook,8,0,0,1.25,11.311858913389603,1,1,157.35,5,0,256
Lenovo,2 in 1 Convertible,8,0,0,1.7,10.882334592260529,1,0,157.35,5,0,256
Lenovo,Workstation,16,2,0,2.5,12.076941386674228,0,1,282.42,7,0,1000
Acer,Notebook,2,0,2,1.68,9.77471055413221,0,0,111.94,1,0,0
Samsung,Ultrabook,16,0,0,0.81,11.38349673063646,0,0,165.63,7,0,256
HP,Notebook,8,0,0,1.86,10.265311417998271,0,0,141.21,3,0,256
Dell,Notebook,8,0,0,1.6,11.002634844730991,0,0,111.94,5,0,256
HP,Workstation,16,2,0,3.0,12.36242199223129,0,1,127.34,1,0,256
Lenovo,Netbook,4,0,0,1.4,10.138915342683557,1,0,135.09,1,0,128
HP,Notebook,8,0,0,1.84,11.525180069637228,0,0,141.21,5,0,256
Asus,Notebook,4,2,2,2.45,10.336895919115271,0,0,100.45,5,1000,0
Lenovo,Ultrabook,4,0,0,1.7,10.97500061838249,0,0,157.35,5,0,180
Asus,Notebook,4,0,0,2.37,10.72070180499537,0,0,100.45,7,0,256
Lenovo,2 in 1 Convertible,8,0,0,1.3,11.064819834822508,1,1,276.05,5,0,256
HP,Notebook,8,2,0,2.2,10.977734058532482,0,1,141.21,5,1000,128
HP,Workstation,8,2,0,2.59,11.328654970229907,0,0,141.21,7,0,256
Dell,Gaming,16,2,0,4.42,11.9372828985939,0,1,282.42,7,1000,256
Acer,Notebook,4,0,0,2.1,10.370853957360486,0,0,100.45,5,0,256
Lenovo,Gaming,8,2,0,2.5,10.930217800083259,0,1,141.21,7,1000,128
Dell,Ultrabook,16,0,0,1.18,11.503365110066554,0,0,176.23,7,0,256
Google,Ultrabook,8,0,2,1.1,11.327372934196768,1,0,234.51,5,0,256
Asus,Ultrabook,8,0,0,1.2,11.004665214485216,0,1,276.05,5,0,256
Dell,Notebook,4,0,0,1.65,10.719642319211694,0,0,117.83,3,500,0
Acer,Notebook,4,0,0,1.6,10.460224916065657,0,0,117.83,5,0,128
Asus,Notebook,4,2,0,2.8,10.129056767548002,0,0,90.58,1,1000,0
Dell,Gaming,16,2,0,2.72,10.977734058532482,1,1,282.42,7,1000,128
Samsung,Ultrabook,8,0,0,1.31,11.352706476813816,1,0,165.63,7,0,256
Acer,Notebook,4,0,2,2.1,9.67271749319976,0,0,100.45,1,1000,0
Dell,Notebook,16,1,0,2.3,11.049922324623227,0,0,141.21,7,0,256
Samsung,2 in 1 Convertible,16,1,0,1.71,11.470557693018055,1,0,146.86,7,0,256
Toshiba,Notebook,4,0,0,1.75,10.903137333094854,0,1,111.94,5,0,128
Dell,Gaming,8,2,0,2.62,10.977734058532482,0,0,141.21,7,1000,0
HP,Ultrabook,4,0,0,1.26,11.101663386852145,0,0,125.37,5,0,256
Asus,2 in 1 Convertible,12,2,0,2.3,10.707794102852903,1,0,141.21,7,2000,0
Lenovo,Notebook,16,2,0,2.5,11.74621417964167,0,0,282.42,7,0,512
Acer,Notebook,4,0,0,1.8,10.430789099779544,0,1,157.35,3,0,128
Razer,Gaming,16,2,0,1.95,11.947688629354552,0,0,157.35,7,0,512
Asus,Notebook,8,0,0,2.0,10.341891891660163,0,0,141.21,1,0,128
Dell,Gaming,32,2,0,4.42,12.161139419801826,0,1,127.34,7,1000,1000
Asus,Gaming,16,2,0,4.3,11.73773962004856,0,1,127.34,7,1000,256
Toshiba,Ultrabook,16,2,0,1.47,11.45091090263386,0,1,157.35,7,0,512
Lenovo,Notebook,8,0,2,2.2,9.771675823299722,0,0,100.45,1,1000,0
Lenovo,Ultrabook,16,0,0,1.7,11.715798714845754,0,0,157.35,7,0,512
MSI,Gaming,16,2,0,1.6,11.520432020155333,0,1,157.35,7,1000,256
MSI,Gaming,8,2,0,2.2,10.968593383882295,0,0,141.21,5,1000,128
Lenovo,Gaming,4,2,0,2.4,10.882334592260529,0,1,141.21,7,1000,0
Acer,Gaming,16,2,0,4.2,11.715798714845754,0,1,127.34,7,1000,256
Dell,Gaming,8,2,0,2.62,10.868221721810269,0,0,141.21,5,0,256
Asus,Gaming,8,2,0,2.24,11.175253388829377,0,0,141.21,7,1000,128
Vero,Notebook,4,0,0,1.22,9.288366771342575,0,0,157.35,1,0,0
Lenovo,2 in 1 Convertible,8,0,0,1.37,11.561359375212575,1,1,165.63,7,0,512
Lenovo,2 in 1 Convertible,8,1,0,2.08,10.841471672111513,1,0,141.21,5,0,256
Apple,Ultrabook,8,0,1,0.92,11.036053502633294,0,1,226.42,1,0,0
Lenovo,2 in 1 Convertible,8,0,0,1.42,11.729192628025002,1,1,209.8,5,0,256
Asus,Notebook,4,0,0,1.63,9.676067369454655,0,0,111.94,1,0,0
Dell,Notebook,8,0,0,1.95,10.672618444949634,0,0,100.45,5,0,128
Lenovo,2 in 1 Convertible,8,0,0,1.38,11.182693795440782,1,1,158.48,7,0,256
Dell,Notebook,8,1,0,2.0,10.580884344379838,0,0,141.21,3,0,256
HP,Workstation,8,2,0,3.14,11.608407193695559,0,0,141.21,7,0,256
Asus,Notebook,8,0,0,2.37,10.977734058532482,0,0,141.21,5,0,256
Dell,Ultrabook,8,0,0,1.29,11.288127045116099,0,0,165.63,5,0,256
Dell,Notebook,8,2,0,2.06,11.442371232335963,1,0,282.42,5,0,256
Dell,Netbook,4,0,0,1.63,10.587627287586777,0,0,135.09,1,0,128
HP,Netbook,8,0,0,1.26,11.211913881327705,0,0,125.37,5,0,256
Toshiba,Notebook,4,0,0,2.1,10.634879008150335,0,0,100.45,5,500,0
HP,Notebook,8,1,0,2.04,10.419722121547444,0,0,100.45,2,2000,0
Dell,Gaming,16,2,0,2.62,11.40152586178726,0,0,282.42,7,0,512
Lenovo,Notebook,4,2,0,2.4,10.387410112463472,0,0,141.21,5,1000,0
HP,Gaming,12,1,0,3.74,11.442371232335963,0,1,127.34,7,1000,0
MSI,Gaming,16,2,0,2.9,11.765023364035509,0,0,127.34,7,1000,512
Samsung,Ultrabook,8,0,0,0.81,11.288127045116099,0,0,165.63,5,0,256
Dell,Notebook,8,2,0,1.98,10.843554965468284,0,0,141.21,7,1000,0
Dell,Notebook,8,1,0,2.18,10.64737719980591,0,0,141.21,5,0,256
Lenovo,Ultrabook,8,0,0,1.32,11.503365110066554,0,0,157.35,7,0,256
Razer,Ultrabook,16,0,0,1.29,11.470557693018055,1,1,352.47,7,0,512
HP,Netbook,4,0,2,1.23,9.928853109380423,0,0,135.09,1,0,0
Dell,Gaming,16,2,0,4.36,11.801620516185737,0,1,127.34,7,1000,128
Dell,Notebook,4,0,0,1.76,10.602303634468553,0,0,111.94,5,500,0
Lenovo,Notebook,4,0,0,2.1,10.16980062557119,0,0,100.45,3,500,0
Toshiba,Ultrabook,4,0,0,1.25,10.969511220360992,0,0,111.94,5,0,128
Lenovo,Ultrabook,8,0,0,1.13,11.799214467550595,0,1,157.35,7,0,512
MSI,Gaming,8,2,0,2.4,11.064819834822508,0,0,141.21,5,0,256
Lenovo,Ultrabook,8,0,0,1.13,11.511934974596555,0,1,157.35,5,0,0
Toshiba,Notebook,4,0,0,1.75,10.188204734039374,0,0,111.94,1,0,128
Asus,2 in 1 Convertible,8,0,0,1.1,11.189343155145377,1,0,165.63,5,0,256
Dell,Notebook,4,0,0,1.76,10.347204956314746,0,0,111.94,3,500,0
Acer,Netbook,4,0,2,1.35,9.847731684081172,0,1,135.09,1,0,0
Acer,Notebook,8,0,0,1.5,10.403696619569766,0,1,157.35,3,0,128
Razer,Gaming,32,2,0,3.49,12.587885975858104,1,0,254.67,7,0,512
Lenovo,Ultrabook,16,0,0,1.1,11.624786287779711,0,1,209.8,7,0,512
Asus,Notebook,4,2,2,2.1,10.227501072075105,0,0,141.21,5,1000,0
Lenovo,Notebook,8,0,0,1.7,11.053918430933363,0,0,157.35,5,0,256
Lenovo,Notebook,8,0,0,1.32,11.38410296807344,0,1,157.35,5,0,256
Dell,Gaming,16,2,0,3.21,11.903840474588977,0,0,141.21,7,1000,256
Asus,Gaming,16,2,0,2.9,11.76667829570779,0,0,127.34,7,1000,256
Toshiba,Notebook,4,0,0,2.0,10.48137314092762,0,0,100.45,3,500,0
Lenovo,Notebook,4,0,2,1.5,9.75944395695215,0,0,111.94,1,0,0
Asus,Notebook,8,0,0,2.3,10.355715374098414,0,0,141.21,5,128,0
Asus,Gaming,16,2,0,2.73,11.470557693018055,0,0,127.34,7,1000,512
Dell,Gaming,32,2,0,4.42,12.005940899919567,0,1,127.34,7,1000,512
HP,Notebook,8,2,0,2.63,10.789026250550961,0,0,106.11,5,1000,0
Dell,Notebook,8,0,0,2.18,10.546456269685057,0,0,100.45,5,0,128
HP,Ultrabook,8,0,0,1.54,11.50926477280514,0,0,157.35,7,0,512
Dell,Notebook,4,1,0,2.18,10.580884344379838,0,0,141.21,7,0,256
HP,2 in 1 Convertible,4,0,2,1.4,10.397213811896178,1,0,135.09,1,0,0
Asus,Ultrabook,8,2,0,1.45,10.90900234494248,0,1,165.63,5,0,512
HP,2 in 1 Convertible,8,0,0,1.28,11.706183335023768,1,0,165.63,5,0,256
HP,Ultrabook,8,0,0,1.54,11.267230020589693,0,0,157.35,7,0,512
HP,Notebook,4,0,2,1.86,9.676067369454655,0,0,100.45,1,0,128
Asus,Gaming,16,2,0,2.1,11.524653620496773,0,0,141.21,7,1000,128
Dell,Notebook,8,1,2,2.83,10.73831223092719,0,0,127.34,7,1000,0
Lenovo,Ultrabook,8,2,0,1.96,11.526757756206273,0,1,157.35,7,0,256
Asus,Notebook,8,2,0,2.3,10.643813122864238,0,1,141.21,7,0,256
Dell,Notebook,8,0,0,1.9,10.82676581465962,0,0,141.21,5,0,128
Asus,Notebook,4,0,0,2.0,10.082625714367484,0,0,100.45,1,1000,0
HP,2 in 1 Convertible,8,0,0,1.28,11.822940196780332,1,0,165.63,7,0,256
Dell,Notebook,8,0,0,1.62,10.451022662038508,1,0,165.63,5,1000,0
Lenovo,Notebook,4,0,2,2.2,10.126203812574422,0,0,141.21,3,1000,0
Lenovo,Notebook,8,0,0,2.3,10.721595608536562,0,1,141.21,5,1000,0
HP,Notebook,8,1,0,1.84,11.182693795440782,0,0,141.21,5,0,256
Toshiba,Notebook,4,0,0,1.05,11.13408962950052,0,0,165.63,5,0,128
Lenovo,Gaming,8,2,2,2.5,10.900191877143605,0,1,141.21,5,1000,0
Dell,Ultrabook,16,0,0,1.29,11.689800549960745,1,0,276.05,7,0,512
HP,Notebook,4,0,0,2.07,10.789026250550961,0,0,141.21,5,500,0
Toshiba,Ultrabook,8,0,0,1.2,10.974087808763938,0,0,117.83,5,0,256
Lenovo,2 in 1 Convertible,8,0,0,1.37,11.551155302753232,1,1,165.63,7,0,256
Acer,Notebook,8,0,0,1.56,10.780196354025913,0,1,157.35,5,0,256
Dell,Workstation,8,2,0,2.23,11.458815998363187,0,0,141.21,7,1000,0
Lenovo,Notebook,4,0,0,2.38,10.936874862286206,0,0,100.45,5,500,0
Lenovo,Notebook,4,1,2,2.2,10.147300806108744,0,0,141.21,3,1000,0
Toshiba,Notebook,8,0,0,2.0,11.211193689375161,0,1,141.21,7,0,256
Lenovo,Notebook,4,0,0,1.44,10.57545706085876,0,1,165.63,3,0,180
Samsung,Ultrabook,16,2,0,1.23,11.497971408335056,0,0,146.86,7,0,256
Dell,Ultrabook,8,0,0,1.6,11.408055939867921,0,0,176.23,7,0,256
Asus,Notebook,4,0,2,2.0,9.964544419744591,0,0,100.45,1,1000,0
Xiaomi,Ultrabook,8,2,0,1.28,10.816127628868834,0,1,165.63,5,0,256
Dell,Notebook,4,2,0,2.18,10.79176967999097,0,0,141.21,5,1000,128
HP,Notebook,4,0,0,2.04,10.707794102852903,0,0,141.21,5,0,256
HP,2 in 1 Convertible,4,0,0,1.28,11.413955596667712,1,0,165.63,5,0,256
HP,2 in 1 Convertible,4,0,0,2.3,10.504715258348757,1,0,100.45,5,500,0
Asus,Notebook,4,0,0,1.65,9.82781743779585,0,0,111.14,1,0,0
Lenovo,Notebook,8,2,0,2.2,10.48137314092762,0,1,141.21,7,1000,0
Dell,Notebook,4,0,0,2.2,9.88640853285114,0,0,100.45,1,500,0
HP,2 in 1 Convertible,4,0,0,1.28,11.470557693018055,1,0,165.63,5,0,256
Dell,Notebook,4,1,2,2.18,10.097436910330954,0,0,100.45,3,1000,0
Asus,Gaming,12,2,0,2.2,11.198067750426901,0,0,127.34,5,1000,128
Acer,Netbook,4,0,2,1.25,9.669356357545784,0,1,135.09,1,0,0
Lenovo,Notebook,4,1,0,2.8,9.913146751905726,0,0,106.11,2,500,0
HP,Notebook,4,0,0,1.95,11.118403264255047,0,0,157.35,5,0,128
HP,2 in 1 Convertible,16,0,0,1.42,11.219087416653776,1,0,276.05,7,0,256
Samsung,Ultrabook,8,0,0,1.17,11.413367194793471,0,0,146.86,7,0,256
Lenovo,Ultrabook,8,0,0,1.32,11.470557693018055,0,1,157.35,5,0,256
MSI,Gaming,16,2,0,2.43,11.857505600707027,0,1,254.67,7,2000,512
Toshiba,Notebook,8,0,0,1.05,11.271987019514093,0,0,165.63,5,0,256
Dell,Gaming,8,2,2,2.62,10.809689968037551,0,0,141.21,7,1000,0
HP,Notebook,8,2,0,2.04,10.77797664352652,0,0,141.21,7,1000,0
Dell,Notebook,4,1,0,2.18,10.395586521939395,0,0,100.45,3,1000,0
Dell,Notebook,8,0,0,1.9,10.816127628868834,0,0,141.21,5,500,0
Dell,2 in 1 Convertible,8,0,0,1.24,11.583001451010114,1,0,276.05,7,0,512
Asus,Gaming,32,2,0,3.58,11.12940950226841,0,1,127.34,7,0,512
Dell,2 in 1 Convertible,16,0,0,1.22,11.38349673063646,1,0,165.63,7,0,256
Lenovo,Ultrabook,8,0,0,1.13,11.600677334394318,0,1,157.35,7,0,0
Lenovo,Notebook,8,0,0,1.95,11.557794687522952,0,1,141.21,5,0,512
LG,Ultrabook,16,0,0,1.08,11.624786287779711,1,1,141.21,7,0,512
HP,Netbook,8,0,0,1.26,11.277396024236554,0,0,176.23,7,0,512
Acer,Notebook,4,0,2,2.2,9.858935694046775,0,1,141.21,1,0,0
Lenovo,Notebook,8,2,0,2.6,10.646351134841678,0,1,141.21,5,1000,128
LG,Ultrabook,8,0,0,0.98,11.524653620496773,1,1,157.35,7,0,512
Dell,Notebook,8,0,0,1.6,11.069811447777305,0,0,157.35,5,0,256
HP,Ultrabook,8,0,0,1.09,12.01472447112858,1,0,352.47,1,0,240
Lenovo,Notebook,6,2,0,2.2,10.646351134841678,0,0,141.21,7,0,256
HP,Notebook,8,2,0,2.04,10.902146664686498,0,0,141.21,7,0,256
Acer,Notebook,4,0,0,2.4,10.188204734039374,0,0,141.21,3,1000,0
Lenovo,Notebook,4,0,0,1.44,10.756639955878697,0,0,165.63,5,0,128
HP,Notebook,8,0,0,1.49,10.842513861303702,0,0,165.63,5,0,256
MSI,Gaming,16,2,0,2.7,11.352706476813816,0,0,127.34,7,1000,256
Dell,Gaming,16,2,0,2.6,11.182693795440782,0,0,141.21,7,1000,128
MSI,Gaming,8,2,0,2.2,10.996581389185152,0,0,141.21,5,1000,128
Dell,Notebook,4,1,0,2.18,10.504992665534715,0,0,100.45,5,1000,0
HP,Ultrabook,8,1,0,1.84,11.143376971334334,0,0,141.21,7,0,256
HP,Ultrabook,8,0,0,1.39,11.022224638820209,1,0,276.05,7,0,256
Toshiba,Notebook,16,2,0,2.4,11.563894206696261,0,1,141.21,7,0,256
Lenovo,2 in 1 Convertible,8,0,0,1.37,11.484906576452703,1,1,165.63,5,0,512
Dell,Notebook,4,0,0,1.95,10.568494278523755,0,0,100.45,5,500,0
Lenovo,Ultrabook,8,0,0,1.36,11.38410296807344,0,1,176.23,7,0,256
HP,Notebook,8,0,0,2.31,11.036053502633294,0,0,141.21,5,0,256
Dell,Notebook,4,0,0,2.18,10.538116369060559,0,0,100.45,5,1000,0
HP,Notebook,4,0,0,1.95,11.022224638820209,0,0,111.94,5,500,0
Lenovo,Notebook,4,0,0,2.2,9.708963041637261,0,0,100.45,1,1000,0
HP,Ultrabook,4,0,0,1.26,11.340119926907802,0,0,176.23,5,500,0
HP,Notebook,4,0,2,1.86,9.641706597910368,0,0,100.45,1,1000,0
Lenovo,2 in 1 Convertible,16,0,0,1.3,11.470557693018055,1,1,276.05,7,0,1000
Toshiba,Notebook,4,0,0,1.47,10.983178625350842,0,1,157.35,5,0,128
HP,Netbook,8,0,0,1.26,11.395552195348275,0,0,176.23,5,0,256
Dell,Notebook,4,0,0,2.18,10.301028278836414,0,0,100.45,3,1000,0
MSI,Gaming,8,2,0,2.2,11.064819834822508,0,0,141.21,7,1000,128
Dell,Ultrabook,8,0,0,1.36,11.377414056264131,0,0,157.35,5,0,256
Dell,Gaming,16,2,0,4.36,11.897828889772077,0,0,169.78,7,1000,512
HP,Gaming,8,2,0,2.75,11.219087416653776,0,1,127.34,5,1000,128
Asus,Notebook,4,2,0,2.8,10.248473444922546,0,0,106.11,1,1000,0
Acer,Notebook,4,0,0,2.23,10.403696619569766,0,0,100.45,5,500,0
Toshiba,Notebook,8,0,0,2.2,10.995768507208373,0,0,100.45,5,0,256
Lenovo,2 in 1 Convertible,8,0,0,1.1,11.14492549142712,1,1,194.95,1,0,256
Lenovo,Gaming,16,1,0,2.5,10.882334592260529,0,1,141.21,2,1000,512
Dell,Ultrabook,8,0,0,1.36,11.270086934565564,1,0,176.23,5,0,256
Lenovo,Notebook,8,2,2,2.2,10.505007263781431,0,0,141.21,7,1000,0
Dell,Notebook,4,1,0,2.36,10.466313041010059,0,0,106.11,3,1000,0
Acer,Notebook,4,0,2,1.68,9.830686725695612,0,0,111.94,1,0,0
HP,Workstation,8,2,0,2.0,11.693810323540696,0,1,141.21,7,0,8
Dell,Ultrabook,8,0,0,1.36,11.457127302039982,0,0,157.35,7,0,256
Toshiba,Notebook,8,0,0,1.2,11.261765596172962,0,0,165.63,5,0,256
Asus,2 in 1 Convertible,8,0,2,1.2,11.030890063374128,0,0,176.23,1,0,0
Lenovo,Ultrabook,8,0,0,1.7,11.281426947930884,0,1,157.35,7,0,256
Dell,Gaming,16,2,0,4.36,12.031993744520154,0,1,254.67,7,1000,512
Dell,2 in 1 Convertible,8,0,0,1.24,11.524653620496773,1,0,165.63,5,0,256
HP,2 in 1 Convertible,4,0,0,1.45,10.628448273058389,1,0,135.09,1,0,256
Dell,Ultrabook,8,0,0,1.3,11.120771962987872,0,0,276.05,7,0,256
Acer,2 in 1 Convertible,4,0,2,1.25,9.939188617449547,1,1,135.09,1,0,0
Toshiba,Notebook,8,0,0,1.2,11.311858913389603,0,0,165.63,5,0,256
Lenovo,Ultrabook,8,0,0,1.36,11.448640778280634,0,1,176.23,5,0,256
Acer,Notebook,12,2,0,2.4,10.8922946477693,0,0,141.21,5,1000,128
Toshiba,Ultrabook,8,0,0,1.1,11.465542410357644,1,0,176.23,7,0,512
HP,Notebook,8,2,0,2.04,10.71669339976126,0,0,100.45,5,1000,0
Dell,Notebook,4,1,2,2.25,10.118971185438866,0,0,100.45,3,1000,0
Dell,Notebook,4,0,0,1.9,10.690967162330788,0,0,100.45,5,500,0
HP,Notebook,4,0,0,2.04,10.505007263781431,0,0,141.21,3,500,0
Dell,Gaming,32,2,0,4.42,12.030407207546824,0,1,127.34,7,1000,256
Lenovo,Notebook,6,2,0,2.4,10.519499876854974,0,0,141.21,5,0,256
Dell,2 in 1 Convertible,16,0,0,1.22,11.524653620496773,1,0,276.05,7,0,512
Dell,Ultrabook,8,0,0,1.5,11.557789593289227,1,0,209.8,7,0,256
Dell,Gaming,32,2,0,4.42,11.912942425504665,0,0,127.34,7,1000,256
Toshiba,Notebook,8,0,0,1.95,11.048846649301595,0,0,157.35,5,0,256
Asus,Gaming,16,2,0,2.73,11.601116472588652,0,0,127.34,7,1000,256
HP,Notebook,8,2,0,2.04,10.862111839946362,0,1,141.21,5,1000,128
Lenovo,Notebook,4,0,0,1.7,10.885333039007671,0,0,111.94,5,0,0
Asus,2 in 1 Convertible,16,2,0,2.3,11.470557693018055,1,0,282.42,7,2000,512
HP,Notebook,6,0,0,2.04,10.336895919115271,0,0,100.45,7,1000,0
Asus,Gaming,16,2,0,2.99,11.442371232335963,0,0,127.34,7,1000,256
Dell,2 in 1 Convertible,12,0,0,2.19,11.14492549142712,1,1,141.21,7,0,512
Toshiba,Notebook,4,0,0,1.2,11.061478196557058,0,0,165.63,5,0,128
Lenovo,Notebook,6,1,0,2.2,10.283693654349953,0,0,141.21,2,0,256
Fujitsu,Notebook,4,0,0,2.3,10.451022662038508,0,0,100.45,5,0,256
Toshiba,Notebook,4,0,0,1.75,10.794505603612874,0,0,111.94,5,500,0
Dell,Notebook,4,1,0,2.25,10.370853957360486,0,0,100.45,5,500,0
HP,Notebook,8,0,0,2.04,10.667668054781249,0,0,141.21,5,1000,0
Lenovo,Gaming,8,2,0,2.5,11.056444708137915,0,1,141.21,7,1000,128
Dell,Notebook,8,1,0,2.36,10.594325067871669,0,0,100.45,7,1000,0
Dell,Notebook,8,0,0,1.6,10.995768507208373,0,0,157.35,5,0,128
HP,Netbook,8,0,0,0.97,11.52938171507289,0,0,176.23,1,0,512
HP,Notebook,4,1,0,2.1,10.188204734039374,0,0,141.21,3,1000,128
Lenovo,Notebook,4,0,2,1.9,9.57634600136217,0,0,100.45,1,0,128
Lenovo,Notebook,8,0,0,2.3,11.182693795440782,0,0,141.21,5,0,256
Dell,2 in 1 Convertible,8,0,0,1.68,10.765679373749014,1,0,165.63,5,0,256
Asus,Notebook,8,0,0,1.4,11.023094568124744,0,0,276.05,5,0,256
HP,Ultrabook,8,0,0,1.11,11.182693795440782,1,1,165.63,7,0,256
Acer,Notebook,4,0,0,2.4,9.915781669229606,0,0,100.45,1,500,0
Asus,Gaming,16,2,0,2.5,11.470557693018055,0,0,141.21,7,1000,256
HP,Ultrabook,8,0,0,1.48,11.620010772319315,0,0,157.35,7,0,512
Acer,Gaming,8,2,0,2.7,11.114442921914945,0,1,141.21,7,1000,128
HP,Notebook,8,0,0,1.34,11.056444708137915,0,1,165.63,5,0,256
Dell,Notebook,4,0,0,2.18,10.280044140256999,0,0,100.45,3,0,128
HP,Notebook,4,0,0,1.64,10.633596165225693,0,0,111.94,5,500,0
Toshiba,Notebook,4,0,0,1.2,11.061478196557058,0,0,165.63,5,0,128
HP,Notebook,4,0,0,1.48,10.978634456594794,0,0,111.94,5,0,256
HP,Notebook,4,0,0,1.95,11.069811447777305,0,0,157.35,5,0,256
HP,Ultrabook,8,0,0,1.43,11.25420292138043,0,0,157.35,7,0,256
HP,Notebook,8,2,0,1.64,10.931419346481935,0,0,157.35,5,0,256
HP,Notebook,4,0,0,1.64,10.503546383198644,0,0,111.94,3,500,0
Dell,Gaming,8,2,0,2.65,10.830989602063529,0,0,141.21,5,0,0
HP,Ultrabook,4,0,0,1.26,11.314461355427948,0,0,176.23,5,500,0
HP,Notebook,4,0,0,1.48,11.347062125633828,0,0,157.35,5,0,256
HP,Ultrabook,8,0,0,1.54,11.518425798364119,0,0,157.35,7,0,256
HP,Notebook,4,0,0,1.49,10.660196214585818,0,0,117.83,3,500,0
Toshiba,Notebook,8,0,0,1.5,11.073952176081768,0,0,117.83,5,0,256
HP,Notebook,4,0,0,2.04,10.621962929026408,0,0,100.45,3,0,256
Lenovo,Notebook,16,2,0,2.4,11.971210954208564,0,1,254.67,7,0,512
Toshiba,Notebook,8,0,0,1.47,11.28210502158141,0,1,157.35,5,0,256
HP,Notebook,8,0,0,1.43,11.684877779846692,0,0,157.35,7,0,256
Dell,2 in 1 Convertible,4,0,0,2.08,10.655171228057007,1,1,141.21,3,1000,0
Toshiba,Ultrabook,8,0,0,1.2,11.347062125633828,0,0,165.63,5,0,256
HP,Notebook,8,0,0,1.11,11.022224638820209,0,1,165.63,5,0,256
HP,Notebook,8,2,0,1.64,11.053437715931404,0,0,157.35,7,0,256
Dell,Notebook,8,0,0,2.09,10.928728168172187,0,0,141.21,5,500,0
HP,Ultrabook,4,0,0,1.26,11.327372934196768,0,0,125.37,5,0,256
HP,Notebook,4,0,0,2.31,11.056444708137915,0,0,111.94,5,500,0
HP,Notebook,4,0,0,1.95,10.94160291956712,0,0,111.94,5,500,0
Dell,Ultrabook,8,0,0,1.29,11.3682201040106,1,0,276.05,5,0,256
HP,Notebook,8,2,0,2.63,10.960294724688996,0,0,127.34,5,0,256
HP,Notebook,4,0,0,1.64,10.855964397819733,0,0,111.94,5,0,256
Acer,Notebook,6,1,0,2.1,9.989322070632241,0,0,100.45,2,1000,0
MSI,Gaming,8,2,0,2.7,11.058796822674717,0,0,127.34,7,1000,128
HP,Notebook,8,0,0,1.95,11.061478196557058,0,0,157.35,5,0,256
HP,Notebook,8,0,0,1.84,11.089524270653731,0,0,141.21,7,0,256
HP,Ultrabook,8,0,0,1.26,11.182693795440782,0,0,176.23,7,0,256
HP,Notebook,4,0,0,2.04,10.58493556391622,0,0,100.45,5,500,0
Toshiba,Ultrabook,8,0,0,1.47,11.428554236084064,0,1,157.35,7,0,256
Dell,Notebook,8,0,0,2.09,10.944382023868503,0,0,141.21,5,0,256
HP,Notebook,8,0,0,1.64,10.893790032506047,0,0,157.35,5,0,256
Lenovo,2 in 1 Convertible,4,0,0,1.8,10.717283879751747,1,1,141.21,7,0,256
Vero,Notebook,2,0,0,1.45,9.326559874840855,0,0,111.94,1,0,0
Toshiba,Notebook,16,2,0,2.4,11.237501289913949,0,1,141.21,7,0,256
Lenovo,Notebook,8,0,0,2.3,10.93174332609208,0,0,141.21,5,0,256
HP,Notebook,4,0,0,1.54,10.883335073806908,0,0,157.35,5,500,0
HP,Notebook,8,0,0,1.84,11.62685178594317,0,0,141.21,5,500,256
HP,Notebook,8,0,0,1.43,11.26791097888584,0,0,157.35,5,0,256
MSI,Gaming,16,2,0,3.78,11.31876651223924,0,1,127.34,7,1000,256
Lenovo,Gaming,16,2,0,4.6,11.711871951929755,0,1,127.34,7,1000,128
Asus,Netbook,4,0,2,1.2,9.638239413697464,0,0,135.09,1,0,0
Lenovo,Notebook,16,0,0,1.1,11.846497786613819,0,1,209.8,7,0,256
HP,Notebook,8,2,0,1.91,10.862111839946362,0,1,141.21,7,1000,0
Dell,2 in 1 Convertible,8,0,0,2.3,10.973174165162662,1,1,141.21,5,0,256
HP,Notebook,4,0,0,2.04,10.862111839946362,0,0,100.45,5,0,256
Dell,Ultrabook,16,0,0,1.2,11.696031047668868,1,0,276.05,7,0,1000
HP,Notebook,4,0,0,2.31,10.533998188720084,0,0,100.45,3,500,0
HP,Notebook,4,0,2,1.96,10.188204734039374,0,0,100.45,5,500,0
Acer,Notebook,8,1,0,2.4,10.082625714367484,0,0,100.45,2,1000,0
Dell,2 in 1 Convertible,12,0,0,1.6,11.14492549142712,1,1,165.63,7,0,256
MSI,Gaming,16,2,0,2.94,11.481613522876666,0,0,141.21,7,1000,256
HP,Notebook,8,0,0,2.04,10.950992494439637,0,0,141.21,7,0,256
Asus,Gaming,16,2,2,4.0,10.881333108748292,0,1,127.34,7,1000,0
Dell,Notebook,4,0,0,2.25,10.301744074438556,0,0,141.21,5,1000,0
Dell,Notebook,16,1,0,2.32,10.873274826663733,0,0,141.21,7,2000,0
MSI,Gaming,16,2,0,1.8,11.540327768882529,0,0,141.21,7,1000,256
Dell,Ultrabook,8,0,0,1.29,11.260394811673141,0,0,165.63,7,0,256
Asus,Gaming,64,2,0,3.58,12.263345775012255,0,1,127.34,7,0,1000
Dell,2 in 1 Convertible,8,0,0,1.62,10.6577056741208,1,0,165.63,7,0,256
Dell,Gaming,16,2,0,3.21,11.167757207320276,0,0,282.42,7,1000,256
Apple,Ultrabook,8,0,1,0.92,11.14569500709198,0,1,226.42,1,0,0
Dell,Notebook,4,0,0,2.06,10.15350258585783,0,0,100.45,3,500,0
HP,Notebook,4,0,0,2.31,11.064819834822508,0,0,100.45,5,500,0
HP,Ultrabook,8,0,0,1.26,11.064819834822508,0,0,176.23,5,0,256
HP,Notebook,8,0,0,1.49,10.969511220360992,0,0,165.63,7,0,256
Lenovo,Ultrabook,8,0,0,1.3,11.421859484994322,1,1,176.23,7,0,256
Lenovo,Notebook,8,1,0,3.0,10.466313041010059,0,0,106.11,5,1000,0
Lenovo,Notebook,4,2,0,2.3,10.86006688870326,0,1,141.21,5,1000,0
MSI,Gaming,16,2,0,3.78,11.799214467550595,0,0,127.34,7,1000,256
Lenovo,Notebook,4,0,0,2.1,10.267164922165646,0,0,100.45,5,500,0
HP,Notebook,4,0,0,2.31,10.821460868072135,0,0,141.21,5,500,0
Lenovo,Ultrabook,8,0,0,0.99,11.219087416653776,1,1,234.98,1,0,512
Lenovo,Gaming,32,2,0,4.6,12.058895427831597,0,1,127.34,7,0,512
Lenovo,2 in 1 Convertible,4,0,0,0.69,10.446807440613286,1,1,224.17,1,0,0
HP,Ultrabook,16,0,0,1.3,11.600677334394318,0,1,331.26,7,0,512
Dell,Notebook,8,0,0,2.18,10.595659257474393,0,0,141.21,5,0,256
HP,Notebook,4,0,0,1.54,10.913854015323274,0,0,157.35,5,500,0
HP,Workstation,8,1,0,1.9,11.285455066338496,0,0,141.21,7,0,256
Lenovo,Notebook,8,0,0,1.7,11.064819834822508,0,0,157.35,5,0,180
HP,Notebook,4,0,2,1.29,10.397213811896178,0,0,276.05,1,0,0
Acer,Notebook,4,1,0,2.4,9.934034216196434,0,0,100.45,2,500,0
Dell,Notebook,4,0,2,2.2,9.950664377878837,0,0,100.45,1,500,0
HP,Notebook,4,0,2,1.86,9.82202514423106,0,0,100.45,3,1000,0
Asus,Gaming,8,2,0,2.7,11.352706476813816,0,1,127.34,7,1000,256
Dell,Ultrabook,4,1,0,1.4,10.682874078812905,0,1,165.63,5,0,256
HP,Netbook,4,0,0,2.4,11.352706476813816,0,0,125.37,5,0,128
Acer,Notebook,8,2,0,2.4,10.65894546204638,0,0,141.21,5,1000,256
Dell,Notebook,8,1,0,2.36,10.435181823432492,0,0,141.21,5,1000,0
MSI,Gaming,8,2,0,2.6,11.352706476813816,0,0,127.34,7,0,256
HP,Notebook,4,0,0,1.96,10.190206661487347,0,0,100.45,1,1000,0
Asus,Gaming,16,2,0,4.3,11.715798714845754,0,1,127.34,7,1000,128
Dell,Ultrabook,4,0,0,1.5,11.010097640044096,0,0,125.37,3,500,0
Dell,Ultrabook,4,0,0,1.5,11.037743034452472,0,0,125.37,3,0,128
Acer,Notebook,4,0,2,2.2,9.317985076886304,0,0,100.45,1,0,16
HP,Workstation,8,1,0,3.0,11.947688629354552,0,1,127.34,7,1000,0
Lenovo,Gaming,16,2,0,2.4,11.064819834822508,0,0,141.21,7,0,512
Dell,Ultrabook,8,0,0,1.5,11.229115459714633,0,0,125.37,5,0,256
MSI,Gaming,8,2,0,2.9,11.29622614492296,0,0,127.34,7,1000,128
Lenovo,2 in 1 Convertible,4,0,0,2.1,10.740621650723886,1,1,141.21,5,0,256
HP,Notebook,4,1,0,2.1,9.962060188115156,0,0,141.21,2,1000,0
Asus,Gaming,16,2,0,2.59,11.175253388829377,0,1,141.21,7,1000,128
HP,Notebook,8,0,0,1.16,11.413367194793471,1,0,276.05,1,0,256
Dell,Notebook,4,1,0,2.24,10.620871436897776,0,0,100.45,5,500,0
Lenovo,Notebook,4,0,0,2.1,10.037061694246896,0,0,100.45,3,0,128
HP,Ultrabook,8,0,0,1.16,11.560851636958265,0,0,165.63,7,0,512
Lenovo,2 in 1 Convertible,4,0,2,0.69,10.283693654349953,1,1,224.17,1,0,0
Dell,Ultrabook,8,0,0,1.23,11.204688514352517,0,0,165.63,7,0,256
Lenovo,Gaming,16,2,0,4.6,11.894920405530856,0,1,127.34,7,0,256
Razer,Ultrabook,8,0,0,1.25,10.911922001713998,1,0,352.47,7,0,256
Toshiba,Ultrabook,16,0,0,1.05,11.683530989644284,0,0,165.63,7,0,512
Asus,Gaming,8,2,0,3.52,11.155256701642276,0,0,127.34,7,1000,128
Vero,Notebook,4,0,0,1.35,9.253771439902378,0,0,165.63,1,0,0
HP,Notebook,8,0,0,1.16,11.408055939867921,0,0,165.63,5,0,256
HP,Notebook,8,0,0,1.43,11.29742314494604,0,0,157.35,5,0,256
Dell,Notebook,4,0,2,2.09,10.236382197200111,0,0,100.45,5,500,0
Asus,Notebook,4,0,0,2.0,10.0509502029849,0,0,100.45,3,1000,0
Lenovo,2 in 1 Convertible,8,0,0,1.8,11.395552195348275,1,1,157.35,7,0,256
Lenovo,2 in 1 Convertible,4,0,0,0.69,10.147300806108744,1,1,224.17,1,0,0
HP,Ultrabook,8,0,0,1.26,11.52254504806308,0,0,125.37,5,0,256
Lenovo,Gaming,8,2,2,2.4,10.87227433519628,0,1,141.21,5,1000,128
HP,Gaming,8,2,0,3.35,11.004665214485216,0,1,127.34,5,1000,128
HP,Notebook,8,0,0,2.04,10.419722121547444,0,0,100.45,7,2000,0
Lenovo,2 in 1 Convertible,8,2,0,1.8,11.601350600798382,1,1,157.35,7,0,512
Asus,Notebook,4,0,0,1.5,9.603249651200555,0,0,111.94,1,0,0
HP,Ultrabook,8,0,0,1.84,10.598322308339624,0,0,141.21,7,0,256
Acer,Notebook,4,2,0,2.23,10.398838458081958,0,0,141.21,5,1000,0
Lenovo,Notebook,16,1,0,2.5,10.977734058532482,0,0,141.21,7,0,0
HP,Workstation,8,2,0,3.0,12.25688472615295,0,1,127.34,7,0,256
Dell,Notebook,8,1,0,2.5,10.639993986052072,0,0,100.45,5,1000,0
MSI,Gaming,16,2,0,3.78,11.75837611262137,0,0,127.34,7,1000,256
HP,Ultrabook,8,0,0,1.88,11.65884442784677,0,0,141.21,7,0,256
Lenovo,2 in 1 Convertible,16,0,0,2.8,11.775322036608145,1,1,209.8,7,0,512
MSI,Gaming,8,2,0,2.4,11.016814119947735,0,0,141.21,7,1000,128
HP,2 in 1 Convertible,8,0,0,1.48,11.371294156418369,1,0,165.63,5,0,256
HP,Workstation,8,2,0,2.59,11.684877779846692,0,1,141.21,7,0,256
HP,2 in 1 Convertible,8,0,0,1.48,11.470557693018055,1,0,220.84,7,0,256
HP,Workstation,8,2,0,2.0,11.524653620496773,0,0,141.21,7,0,256
HP,Ultrabook,8,0,0,1.26,11.714906632298005,0,0,176.23,7,0,256
Dell,Notebook,8,2,0,2.18,10.893186205871402,0,0,141.21,7,0,256
HP,Notebook,8,0,0,1.88,11.340119926907802,0,0,141.21,5,0,256
Lenovo,2 in 1 Convertible,8,0,0,1.27,11.733047817054649,1,1,209.8,7,0,256
Lenovo,Notebook,4,0,2,1.9,9.801616497179607,0,0,100.45,3,1000,0
HP,Notebook,4,1,0,1.86,9.669356357545784,0,0,100.45,2,500,0
Lenovo,Notebook,8,1,2,2.32,10.370853957360486,0,0,141.21,5,1000,0
Dell,Gaming,8,2,0,2.62,11.064819834822508,0,0,141.21,7,1000,0
Dell,Notebook,8,2,0,2.04,11.694557037112846,1,1,282.42,5,0,256
HP,Notebook,4,1,0,1.91,10.147071143642277,0,0,141.21,2,0,256
MSI,Gaming,16,2,0,2.7,11.283982429108427,0,0,127.34,7,1000,256
Lenovo,Ultrabook,12,0,0,1.4,11.715798714845754,0,0,157.35,7,0,512
Lenovo,Notebook,8,1,0,2.5,10.645704553396179,0,0,141.21,5,0,0
HP,2 in 1 Convertible,8,0,0,1.48,11.596765384868766,1,0,220.84,7,0,512
Lenovo,Ultrabook,8,0,0,1.7,11.288127045116099,0,0,157.35,7,0,256
MSI,Gaming,16,2,0,1.7,11.453741330154045,0,0,157.35,7,1000,256
HP,Gaming,8,2,0,2.62,10.776864937870439,0,1,141.21,7,1000,0
Lenovo,Notebook,8,0,0,2.2,10.104652126020449,0,0,100.45,3,1000,0
HP,Notebook,4,0,2,2.1,10.143095900114544,0,0,100.45,5,500,0
Dell,Gaming,8,2,0,2.62,11.287459719448945,0,0,282.42,7,1000,128
Lenovo,Notebook,8,0,0,1.95,11.212633554977055,0,1,141.21,5,0,256
Lenovo,Notebook,4,2,0,2.2,10.124069425552399,0,0,141.21,3,1000,0
HP,Notebook,2,0,0,1.44,9.49308929643757,0,0,111.94,1,0,0
MSI,Gaming,8,2,0,2.2,10.707794102852903,0,1,141.21,7,1000,0
HP,Notebook,8,0,0,1.96,10.496209795189023,0,0,141.21,7,0,256
HP,Notebook,16,0,0,2.1,11.030890063374128,0,0,141.21,7,0,512
Asus,Notebook,4,0,0,2.2,9.88640853285114,0,0,100.45,1,500,0
Lenovo,Notebook,4,0,2,2.1,9.962060188115156,0,0,100.45,5,500,0
Lenovo,Notebook,8,2,2,2.2,10.539443024584216,0,0,141.21,7,1000,0
Asus,Notebook,4,0,0,2.0,10.620676402161354,0,0,157.35,3,0,256
Lenovo,Notebook,4,0,0,2.32,10.690967162330788,0,0,141.21,7,0,0
Lenovo,Gaming,16,2,0,3.31,11.149533728083794,0,1,141.21,7,0,512
MSI,Gaming,16,2,0,1.91,11.650359078019564,0,0,141.21,7,1000,128
HP,Notebook,4,0,0,2.07,10.452562263733816,0,0,100.45,3,500,0
Lenovo,2 in 1 Convertible,8,0,0,1.36,11.376193068881934,1,1,209.8,5,0,256
Lenovo,Ultrabook,6,2,0,1.54,10.698213406595185,0,0,141.21,7,0,256
Dell,Notebook,8,2,2,1.98,10.772416887866106,0,0,141.21,7,0,256
Acer,Notebook,4,0,0,2.1,9.783759877293237,0,0,100.45,1,500,0
HP,Notebook,6,2,0,2.18,10.65894546204638,0,1,141.21,7,1000,0
Asus,Gaming,8,2,0,2.591,10.787926767906868,0,1,141.21,7,1000,256
Dell,2 in 1 Convertible,16,0,0,2.09,11.04799884586991,1,0,141.21,7,0,512
Acer,Notebook,4,2,0,2.23,10.513728011380234,0,0,141.21,5,0,256
Dell,Ultrabook,8,0,2,1.23,10.977734058532482,1,0,276.05,5,0,256
Acer,Gaming,16,2,0,4.2,11.838450282382281,0,1,127.34,7,1000,256
Lenovo,Gaming,8,2,0,2.4,10.683668026512203,0,1,141.21,5,1000,0
HP,Notebook,4,0,0,1.86,10.159748614913156,0,0,100.45,5,500,0
Apple,Ultrabook,8,0,1,0.92,11.034335316856836,0,1,226.42,1,0,0
Dell,2 in 1 Convertible,8,0,0,1.6,11.064819834822508,1,1,165.63,5,0,256
HP,Notebook,12,2,0,2.21,11.166251204223753,0,1,141.21,7,1000,128
Lenovo,Notebook,4,1,2,1.9,9.883694965189548,0,0,100.45,3,1000,0
Asus,Gaming,16,2,0,4.3,11.648792876975632,0,1,127.34,7,1000,512
Acer,Notebook,4,0,2,2.1,9.581432092973902,0,0,100.45,1,1000,0
MSI,Gaming,16,2,0,2.43,11.600628529355635,0,0,127.34,7,1000,256
Dell,Notebook,4,1,0,2.3,10.188204734039374,0,0,100.45,3,0,128
Lenovo,Notebook,8,2,2,2.2,10.419722121547444,0,0,100.45,7,500,0
Dell,2 in 1 Convertible,16,0,0,2.0,11.13408962950052,1,0,141.21,7,0,512
Dell,Ultrabook,16,0,0,1.2,11.869140102984442,1,0,276.05,7,0,512
Asus,Gaming,8,2,0,2.2,11.039481042980592,0,0,141.21,7,1000,0
Dell,Notebook,8,1,0,2.36,10.765679373749014,0,0,141.21,5,0,256
HP,Notebook,8,0,0,1.91,10.336895919115271,0,0,100.45,5,0,256
Lenovo,Notebook,4,1,0,2.2,9.676067369454655,0,0,100.45,2,500,0
Acer,Notebook,8,2,0,3.3,10.419722121547444,0,0,106.11,3,1000,0
Asus,Gaming,16,2,0,2.2,11.779003747004984,0,0,141.21,7,1000,256
Apple,Ultrabook,8,0,1,0.92,11.12940950226841,0,1,226.42,1,0,0
Asus,Notebook,16,2,0,2.2,11.442371232335963,0,0,141.21,7,1000,128
MSI,Gaming,16,2,0,2.43,11.550637224841307,0,1,127.34,7,1000,256
Dell,2 in 1 Convertible,8,0,0,2.191,10.882334592260529,1,1,141.21,5,0,256
Asus,Gaming,16,2,0,2.9,11.550642355641386,0,0,127.34,7,1000,256
Acer,Netbook,2,0,2,1.3,9.134724186116669,0,0,135.09,1,0,32
Acer,Notebook,4,2,0,3.3,10.36918316559119,0,0,106.11,3,1000,0
Lenovo,Notebook,8,0,2,2.8,10.265311417998271,0,0,106.11,5,1000,0
Lenovo,Gaming,8,2,0,2.6,11.123921525344702,0,1,141.21,7,1000,128
Acer,2 in 1 Convertible,8,0,0,1.2,11.022224638820209,1,1,157.35,7,0,256
Lenovo,Notebook,8,0,0,2.3,11.307942507277987,0,1,141.21,7,0,256
MSI,Gaming,8,2,0,2.2,11.272739269300473,0,0,141.21,7,1000,128
HP,Notebook,6,1,0,2.1,10.246584937175161,0,0,141.21,2,1000,0
Dell,Ultrabook,8,0,0,1.26,11.421789450802324,1,0,176.23,5,0,256
Dell,2 in 1 Convertible,4,0,0,2.08,10.20804591591181,1,0,146.86,3,500,0
Asus,Notebook,4,0,0,2.65,9.708963041637261,0,0,100.45,1,1000,0
Dell,Ultrabook,8,0,0,1.29,11.273342016041454,1,0,276.05,7,0,256
Dell,Notebook,4,0,2,2.18,10.232996343404029,0,0,100.45,5,1000,0
Lenovo,Gaming,16,2,0,2.6,10.911922001713998,1,1,141.21,7,1000,128
MSI,Gaming,8,2,0,2.2,11.022224638820209,0,0,141.21,7,1000,128
Lenovo,Netbook,16,0,0,1.3,11.38410296807344,1,1,176.23,7,0,512
Razer,Gaming,16,2,0,1.95,12.13579888262338,0,0,157.35,7,0,1000
Dell,Notebook,8,0,0,2.3,10.126225133455508,1,0,100.45,3,1000,0
MSI,Gaming,16,2,0,2.7,11.352080897651312,0,0,127.34,7,1000,256
Apple,Ultrabook,4,0,1,1.08,10.841471672111513,0,0,135.09,5,0,0
HP,Notebook,4,0,0,2.1,10.14521102315936,0,0,141.21,3,1000,0
HP,Ultrabook,8,0,0,1.54,11.670959137926745,0,0,209.8,7,0,256
Dell,Notebook,4,0,0,2.24,10.578174384540583,0,0,100.45,5,500,0
MSI,Gaming,8,2,0,2.3,11.039481042980592,0,0,141.21,7,1000,128
Lenovo,Notebook,16,0,0,1.4,11.288127045116099,0,1,165.63,7,0,512
Lenovo,Notebook,6,1,0,2.2,10.368463865979837,0,0,141.21,2,0,256
Asus,Ultrabook,8,0,0,1.45,11.130191046138895,0,0,165.63,7,0,256
Acer,Notebook,4,0,2,2.4,9.86670447393617,0,0,100.45,3,500,0
Dell,2 in 1 Convertible,16,2,0,2.77,11.470557693018055,1,0,127.34,7,0,512
HP,Notebook,4,0,0,1.54,10.978634456594794,0,0,157.35,5,0,256
Asus,Gaming,16,2,0,2.5,11.353331664871686,0,1,141.21,7,1000,256
Dell,Notebook,4,0,0,1.6,10.74980636238115,0,0,111.94,5,500,0
Asus,Gaming,16,2,0,2.34,11.727044416809726,0,1,141.21,7,1000,256
Lenovo,Notebook,8,0,2,2.3,10.326479497678788,0,1,141.21,5,0,256
Dell,2 in 1 Convertible,8,0,0,1.24,11.478309589260354,1,0,276.05,5,0,256
Dell,Notebook,4,0,2,2.2,9.756362468645353,0,0,100.45,1,500,0
HP,Notebook,4,1,0,1.86,9.964569481536397,0,0,100.45,2,500,0
Lenovo,Notebook,6,2,0,2.4,10.319474445348318,0,0,141.21,3,0,128
Lenovo,Notebook,8,0,0,1.9,10.952859875889436,0,1,157.35,5,0,256
Dell,Notebook,4,0,0,2.2,10.07140533794855,0,0,100.45,1,500,0
Asus,Notebook,4,0,0,2.0,9.801616497179607,0,0,100.45,1,1000,0
Asus,Gaming,16,2,0,4.0,11.525180069637228,0,1,127.34,7,1000,128
Dell,Notebook,4,0,0,2.29,10.170004720212974,0,0,100.45,3,500,0
Lenovo,Notebook,8,1,0,2.32,10.772405714978468,0,0,141.21,7,0,0
MSI,Gaming,8,2,0,2.4,11.089532407259076,0,0,141.21,7,1000,128
Lenovo,2 in 1 Convertible,4,0,0,1.8,10.700629204139668,1,0,157.35,5,0,128
Asus,Ultrabook,8,0,0,1.2,10.567260503819892,0,1,165.63,1,0,512
Dell,Notebook,6,0,0,2.3,10.104652126020449,0,0,100.45,3,1000,0
Acer,Notebook,4,0,2,2.4,9.642052656072376,0,0,100.45,1,500,0
Dell,Notebook,2,0,0,2.2,9.913146751905726,0,0,100.45,1,500,0
Lenovo,Notebook,8,2,0,2.6,10.776864937870439,0,1,141.21,7,1000,0
HP,Notebook,6,1,0,2.04,10.285495247547502,0,0,141.21,2,0,0
Dell,Notebook,8,1,2,2.3,10.6676556480453,0,0,100.45,7,1000,0
HP,Netbook,2,0,0,1.17,9.317985076886304,0,0,135.09,1,0,0
Asus,Notebook,4,2,0,2.2,10.555282639764934,0,0,100.45,7,500,0
Lenovo,2 in 1 Convertible,4,0,0,1.8,10.433928727277085,1,1,157.35,7,0,128
Lenovo,2 in 1 Convertible,16,0,0,1.3,11.288127045116099,1,1,276.05,7,0,512
Lenovo,Notebook,2,0,0,1.5,9.409364986116808,0,0,111.94,1,0,0
HP,Notebook,6,1,0,2.19,10.614153381548173,0,0,100.45,7,1000,0
Asus,Notebook,4,0,0,2.2,9.88640853285114,0,0,100.45,1,500,0
Asus,Ultrabook,8,0,0,1.2,10.567260503819892,0,1,165.63,1,0,512
Dell,Notebook,6,0,0,2.3,10.104652126020449,0,0,100.45,3,1000,0
Acer,Notebook,4,0,2,2.4,9.642052656072376,0,0,100.45,1,500,0
Dell,Notebook,2,0,0,2.2,9.913146751905726,0,0,100.45,1,500,0
Lenovo,Notebook,8,2,0,2.6,10.776864937870439,0,1,141.21,7,1000,0
HP,Notebook,6,1,0,2.04,10.285495247547502,0,0,141.21,2,0,0
Dell,Notebook,8,1,2,2.3,10.6676556480453,0,0,100.45,7,1000,0
HP,Netbook,2,0,0,1.17,9.317985076886304,0,0,135.09,1,0,0
Asus,Notebook,4,2,0,2.2,10.555282639764934,0,0,100.45,7,500,0
Lenovo,2 in 1 Convertible,4,0,0,1.8,10.433928727277085,1,1,157.35,7,0,128
Lenovo,2 in 1 Convertible,16,0,0,1.3,11.288127045116099,1,1,276.05,7,0,512
Lenovo,Notebook,2,0,0,1.5,9.409364986116808,0,0,111.94,1,0,0
HP,Notebook,6,1,0,2.19,10.614153381548173,0,0,100.45,7,1000,0
Asus,Notebook,4,0,0,2.2,9.88640853285114,0,0,100.45,1,500,0
Asus,Ultrabook,8,0,0,1.2,10.567260503819892,0,1,165.63,1,0,512
Dell,Notebook,6,0,0,2.3,10.104652126020449,0,0,100.45,3,1000,0
Acer,Notebook,4,0,2,2.4,9.642052656072376,0,0,100.45,1,500,0
Dell,Notebook,2,0,0,2.2,9.913146751905726,0,0,100.45,1,500,0
Lenovo,Notebook,8,2,0,2.6,10.776864937870439,0,1,141.21,7,1000,0
HP,Notebook,6,1,0,2.04,10.285495247547502,0,0,141.21,2,0,0
Dell,Notebook,8,1,2,2.3,10.6676556480453,0,0,100.45,7,1000,0
HP,Netbook,2,0,0,1.17,9.317985076886304,0,0,135.09,1,0,0
Asus,Notebook,4,2,0,2.2,10.555282639764934,0,0,100.45,7,500,0
Lenovo,2 in 1 Convertible,4,0,0,1.8,10.433928727277085,1,1,157.35,7,0,128
Lenovo,2 in 1 Convertible,16,0,0,1.3,11.288127045116099,1,1,276.05,7,0,512
Lenovo,Notebook,2,0,0,1.5,9.409364986116808,0,0,111.94,1,0,0
HP,Notebook,6,1,0,2.19,10.614153381548173,0,0,100.45,7,1000,0
Asus,Notebook,4,0,0,2.2,9.88640853285114,0,0,100.45,1,500,0
